,R_value,SHGC_value,WWR_value,Window_Num,SC_value,Climate_Zone,Cluster,Energy_Rating
0,24.273198074673534,0.3824799533117325,0.25724402401030605,1,0.4661762573343867,6,3,D
1,10.281172721489876,0.5246800719310388,0.16176070583027813,4,0.5507397695435012,2,0,A
2,6.887014186982162,0.26792596980026745,0.028949110997023974,10,0.6626219337770168,8,0,A
3,1.166319932825713,0.2974051712759818,0.16247383975751442,2,0.5250359893263815,6,3,D
4,24.515722174493995,0.3354446149468452,0.5989012032576285,3,0.3825621918199469,1,2,C
5,15.168945652277321,0.25342466882673537,0.13566407282416956,10,0.48083209027551677,5,0,A
6,31.880718193345107,0.4307662676791616,0.21243168183085023,0,0.563477204125942,2,4,E
7,21.010799451108564,0.31458442462089914,0.11298847052817149,6,0.63680806135937,6,4,E
8,13.1181051911434,0.06322791562906097,0.03562745646559191,6,0.5202218972142987,6,4,E
9,5.855359895794308,0.32843930428070023,0.1013649187641666,2,0.5518459739651562,5,0,A
10,23.529192041477874,0.2899110964206713,0.13499700207162937,8,0.610871886083226,2,4,E
11,21.749494678456173,0.2881526023672133,0.2586913278043842,12,0.5441986146621427,5,2,C
12,28.316915536561034,0.2039120684248487,0.25672967530855867,3,0.6670413342648704,5,4,E
13,4.849215614018082,0.19275540438112054,0.5469076721243897,6,0.3606368060771169,4,3,D
14,19.31890845983013,0.2624622798812217,0.5036680588240563,8,0.4905957063984105,3,2,C
15,16.787992895712073,0.23368976089947469,0.061561043674436086,0,0.6592987131533637,2,4,E
16,7.584028644298181,0.08900435242287694,0.37802496013050096,13,0.5019465281253969,2,0,A
17,3.208373606403415,0.2937729153403688,0.40222488287139635,1,0.6300065826856424,2,1,B
18,31.902580090142852,0.3779367442293489,0.5602338930656069,12,0.6616965181721298,2,1,B
19,36.71952658728465,0.25702836121342565,0.003141751104932178,7,0.6376779729521591,2,4,E
20,33.70442600687764,0.32211261356770887,0.14209606411623016,5,0.39217724757107786,2,2,C
21,29.25371831514332,0.3153973349137236,0.5807765122179046,8,0.6966693865100038,3,1,B
22,37.184722649794644,0.4309139931854489,0.46366481145981786,12,0.44568116685575143,3,2,C
23,17.78289187086505,0.24120938943077952,0.01755071535486494,12,0.4447451340351498,2,0,A
24,30.22954224948228,0.39527502053560143,0.0789355921575785,14,0.6715847078012327,2,4,E
25,36.68637003450894,0.16422761774672376,0.07224177311829143,10,0.43005863360610047,2,2,C
26,14.251592484252422,0.17149446710677188,0.5086184470545443,6,0.4366067302594929,8,3,D
27,37.05080680654429,0.20803707411815503,0.11215670910701918,1,0.465907761474573,6,4,E
28,14.881316948795387,0.21608827899136118,0.17473637784389115,3,0.540459705895302,2,4,E
29,30.046688440659622,0.0797694661876556,0.23940007135491037,8,0.689224595864486,8,4,E
30,31.480531508127108,0.42355213310494316,0.03573328246623168,5,0.3715058365949795,4,2,C
31,4.348445552449879,0.4007114157878473,0.2962193817150624,0,0.42259672440417584,3,3,D
32,34.95306123056848,0.20960043471472667,0.08280288401065543,4,0.4937867804180739,2,4,E
33,29.22846630904405,0.304671949620266,0.48460283393544007,7,0.4144814465097804,2,2,C
34,27.71146983984043,0.41396023785406366,0.08975006311927977,14,0.5542335854669638,3,2,C
35,5.494699419621793,0.3682487734981411,0.13431329573688486,9,0.5376768661806908,2,0,A
36,25.437046805589027,0.52621820463476,0.06319333135165824,12,0.445120402225229,6,2,C
37,5.682806329291152,0.27513387661163774,0.2452929537383069,4,0.4359121964964917,2,0,A
38,10.654609162727528,0.44378348749598373,0.24557601982917845,11,0.4820929739786437,5,0,A
39,12.350982855742027,0.25837645952536986,0.07675372954546046,9,0.5122387156060342,4,0,A
40,33.83959026009927,0.2708257487032197,0.38110309691264066,7,0.5666539969937965,3,2,C
41,5.954521582107068,0.44142320709849214,0.05624314552989529,10,0.39446880627906045,5,0,A
42,16.57422275543388,0.314151082923336,0.42934957719185757,14,0.6365330857048592,6,1,B
43,31.008103525996784,0.23351619828734532,0.048424783964721094,7,0.6288760797545627,5,4,E
44,35.78399163490399,0.3020003738326381,0.33890750658836494,1,0.6842054087089132,2,4,E
45,5.389562420102986,0.3202442967720064,0.13174286809259003,11,0.44002540808533774,4,0,A
46,32.159798045822626,0.34873655592937053,0.34880703138665964,8,0.3908824900164702,3,2,C
47,6.819517019966662,0.22094423330254032,0.41412650438375176,9,0.5540455700256981,4,1,B
48,6.874661686707886,0.2558487574856604,0.27926647344209815,10,0.5070048651956542,1,0,A
49,18.666545239250485,0.3043701393938315,0.08144317943601516,10,0.433256893695294,2,0,A
50,11.444677469826976,0.335873630580999,0.5315250081492015,12,0.3516492956566026,5,2,C
51,22.565662490316843,0.2684041290121695,0.29272822815146954,14,0.45333351564730096,3,2,C
52,37.51764189462105,0.3642104737230483,0.20780885108954758,0,0.4510471991326391,5,3,D
53,31.08948613888266,0.24395733859381685,0.2241920591512306,14,0.37168817540083376,5,2,C
54,36.86497565742076,0.4209061079770909,0.23453784695846688,14,0.48413137051795524,2,2,C
55,35.17732179845026,0.2812253075246677,0.3708208335457262,9,0.355186102100061,6,2,C
56,23.25495829856772,0.259386788341985,0.21660368665158447,8,0.4791509690169606,2,2,C
57,13.736608733143168,0.3444245743397578,0.3864738219046466,2,0.4441256379641606,5,3,D
58,38.51100375280167,0.15002316467322324,0.5719952121511381,3,0.6225259921571011,3,4,E
59,23.45946977920166,0.3568820798395518,0.5239347003723781,9,0.6807799901560534,4,1,B
60,7.162600022492701,0.253247869605604,0.2845087437618961,12,0.5525010549546567,3,0,A
61,28.500952236365908,0.4143355587249759,0.09774964932299479,2,0.6442494978445273,2,4,E
62,19.878518994272437,0.26089786457332786,0.3849960748700419,10,0.5813389361234362,6,1,B
63,12.97023366430176,0.2556185717189639,0.37971927968523284,5,0.6262749229794946,4,1,B
64,37.200771186540265,0.21747357748344465,0.14051626651927998,7,0.5336921586247692,3,4,E
65,29.38409365550641,0.30950625607520127,0.22138071365691983,0,0.4547730111671535,6,3,D
66,17.733795582516564,0.1714428994113925,0.39866536207210157,7,0.448030637742004,2,2,C
67,35.108472208852575,0.3163371942278818,0.4307041974471604,2,0.37654755151568364,5,3,D
68,15.203261851319587,0.21723564438408308,0.3189245063241644,5,0.4717005370734856,6,3,D
69,20.03679073676939,0.4578088558248567,0.14242040346946094,12,0.4160988786004003,5,0,A
70,35.370050909403766,0.32651530774017584,0.2507501256385384,10,0.567252253449763,2,2,C
71,39.7490925570592,0.36329430437684257,0.17294755169050172,13,0.3936041033914123,4,2,C
72,2.013823359226847,0.2647216630138615,0.2691578319351084,2,0.4277927334315719,1,0,A
73,18.417999580586805,0.41970787629291567,0.5998225007763736,3,0.5671330646205691,4,1,B
74,12.666907454834666,0.3623352065957597,0.14761290052454268,4,0.6894899766650857,1,4,E
75,18.088366744746153,0.284266638979284,0.10133972297154618,14,0.5063746045147207,6,0,A
76,2.142325411912207,0.3410369219854388,0.1510257986701815,14,0.63308868472852,2,0,A
77,27.898733591638546,0.40507315203677047,0.26873564386691584,6,0.621278641407071,6,1,B
78,28.563861659845198,0.27434150298754584,0.5332856247309363,8,0.43275889285782654,3,2,C
79,20.74502417212114,0.23511911327049134,0.18539146494203557,8,0.5485089841052538,2,4,E
80,26.939484924407225,0.40828637086658615,0.054023288186918796,10,0.6563950857651579,5,4,E
81,8.52238696615761,0.389423586526793,0.18542285053263743,4,0.47044936224372313,4,0,A
82,5.361361561283132,0.24569168336659336,0.5868125348205556,9,0.6147522567853809,8,1,B
83,25.298331555541168,0.33367648281448464,0.47893131638212083,3,0.5975231673603185,4,1,B
84,31.246364828296457,0.3225850141044627,0.25174167834958083,1,0.35584871745841956,8,3,D
85,28.948743415781557,0.07862298647279695,0.09363215923178858,7,0.5880487863057833,5,4,E
86,17.841631084201033,0.232940878152112,0.5429917403403562,11,0.4938441191892361,5,2,C
87,37.38916365745934,0.34072424775906573,0.23951976159187016,4,0.5155808022279101,3,4,E
88,30.797226104747796,0.1860155300778017,0.10059085751100931,9,0.628667780834481,5,4,E
89,21.16026898863226,0.3142814164871119,0.09647746601456948,2,0.5662135088139432,6,4,E
90,33.59834651375869,0.31816871830832244,0.22459254930955955,5,0.4752216406924852,5,2,C
91,6.616691403260441,0.4567440892257011,0.2739514133782624,9,0.46272039106977053,5,0,A
92,7.128384216999084,0.4237047836141375,0.18611673267765194,10,0.586527663420599,2,0,A
93,33.541240248077166,0.2840129130635315,0.05696550605169437,11,0.6862267866893419,2,4,E
94,4.525655020861359,0.17501531643101714,0.5864695746043209,1,0.5184384654085119,6,3,D
95,12.771545039141497,0.05105573330106827,0.47982411304078787,1,0.5713067080089046,4,3,D
96,8.5921370735433,0.3741106786770802,0.2590006768822867,10,0.6914583661783767,2,1,B
97,23.99817730566387,0.13795477330262357,0.3177925843487171,1,0.4544616022735243,6,3,D
98,28.081070945591154,0.2672711467071064,0.4574782013679923,7,0.5490253222705833,4,2,C
99,8.129653110031835,0.11659092819474984,0.5291345046936474,14,0.44802435571508936,4,0,A
100,15.32402741119635,0.3438322488944773,0.03957326250917379,2,0.40170385699790534,8,3,D
101,5.674659046603915,0.22741839306492023,0.54547279850078,8,0.6374856064030976,5,1,B
102,35.44478940546129,0.43900714972320776,0.15917339507422493,3,0.38305725094403165,2,2,C
103,31.63093607940448,0.42587446830042486,0.14107760754170165,13,0.6789298621268111,3,2,C
104,11.355311378585137,0.23413058119146155,0.5442551435425085,11,0.5288812475431892,2,1,B
105,29.95940018173823,0.4067704897597368,0.11263805429349127,9,0.5180771027080602,1,2,C
106,22.84799998123709,0.3925975019485684,0.17386207451806515,14,0.5399189627508103,5,0,A
107,32.62283197904276,0.3154387498525369,0.3528182243477573,10,0.5122039399834234,2,2,C
108,8.599010630922024,0.2930197294781905,0.2855626971689434,8,0.6493033131999618,3,1,B
109,23.43029656441492,0.3344877511902266,0.17084242894481738,0,0.5894938288771383,6,4,E
110,6.885321909855455,0.34995737521977816,0.3879905933421137,4,0.42416424070964276,5,3,D
111,11.43597291606168,0.36394893364472514,0.3260772908634685,12,0.45064453007871147,2,0,A
112,26.060609835356374,0.26574927691850647,0.38446643116424867,5,0.4522102567065337,7,3,D
113,37.58331509670548,0.28666473115571683,0.22076214087029258,0,0.40083812202294683,7,3,D
114,10.957991238291726,0.17115337314245954,0.008358764585359424,3,0.5040862468006366,4,4,E
115,10.479597464197603,0.3089190694126284,0.5364966728292556,2,0.6164888321230478,6,1,B
116,38.10777772902535,0.2351288837998104,0.3070617764715672,9,0.5257278815868607,6,2,C
117,20.789716471355316,0.3002670655327696,0.5932032542888782,0,0.6630406420413475,2,1,B
118,3.0191740449777322,0.5943553451945578,0.5696832680123936,6,0.6022550337558237,2,1,B
119,16.309054414753348,0.40969196429457505,0.15172060453823794,0,0.39096093397579934,3,3,D
120,7.608874999026041,0.2679763809486739,0.15251014169593424,3,0.5265916320644282,5,3,D
121,23.027500673416945,0.22654844684755737,0.4223440839618704,2,0.4986349312226394,3,3,D
122,1.8474352021044829,0.2971459158118278,0.09583528810568398,6,0.582561097586075,2,0,A
123,27.205582966287086,0.30142545514348085,0.308483297591693,2,0.4179486157642503,8,3,D
124,8.552623213180826,0.34017357154707034,0.42873549915503933,4,0.49377186860147465,8,3,D
125,30.52225126935455,0.16160859252303889,0.4404921146216297,3,0.6893284031345066,2,4,E
126,38.157156003683,0.4371485928005665,0.014951887093211913,5,0.6036972860046721,3,4,E
127,14.159605945018415,0.23301795635745068,0.5179123215581434,8,0.36907843630845766,1,2,C
128,1.3063815338356999,0.1727469855225655,0.23542579529147808,14,0.6862055064559767,2,0,A
129,5.425379105019396,0.48359997962488904,0.38761036154823303,7,0.6240983736576783,2,1,B
130,20.46109031996177,0.2883599973069655,0.5267498092122257,2,0.6936954240168696,3,1,B
131,29.14535225400628,0.1922650603727242,0.2947416037408034,12,0.5478222171379947,6,2,C
132,34.988727343595016,0.5543461147656487,0.34455116157638643,10,0.5676360337673821,8,2,C
133,33.66608218163142,0.4456724881254849,0.5014753062643001,9,0.5798988083877061,3,2,C
134,4.514698103378919,0.21492253804937536,0.4717915862177565,8,0.4734595044775891,2,0,A
135,16.995350244391524,0.20970989946809176,0.33392492472563645,8,0.49654275768848355,2,0,A
136,19.25403541690395,0.21263891720273498,0.09954647048640543,10,0.5736065209336091,5,0,A
137,37.134653134037706,0.2956540221743061,0.5994090926478944,4,0.6074798007445446,5,1,B
138,11.51320873528694,0.27942621273217466,0.2281208919777908,0,0.648530478502382,4,4,E
139,24.609912948554253,0.23013423565233668,0.47412245412810694,9,0.3745159678199505,2,2,C
140,28.423752745225077,0.2773858930002595,0.04217021861480308,9,0.4362860674625123,2,0,A
141,18.287774013940968,0.3377133842477998,0.4913237484944274,5,0.5888894557710032,2,1,B
142,8.103821935076134,0.3620522767695842,0.28329551935612457,0,0.616132879405846,5,1,B
143,7.816786184331161,0.4239667618549072,0.46750652547548116,7,0.6584546605302849,5,1,B
144,19.723377619898876,0.38770510091489324,0.3907278170669598,4,0.5318257709916219,5,1,B
145,22.270788000554706,0.3020634511784955,0.5149966224183129,6,0.4960550952413819,5,3,D
146,2.790319776458758,0.45825354937565793,0.24780643676983108,7,0.4140063774369691,4,0,A
147,13.060657058137142,0.284302848865275,0.4604180113655703,13,0.5500779105451435,4,1,B
148,35.66412599754207,0.21750383872148066,0.3602404996536553,2,0.5761811724370464,5,4,E
149,4.3838897806629475,0.04217594961875648,0.37851595505884916,1,0.36926494844881363,2,3,D
150,7.177849147624251,0.3553329302385299,0.3482771888178788,5,0.3639907568880791,1,0,A
151,20.87078782444884,0.2768647895824749,0.15304357739739705,4,0.43615409017170226,5,3,D
152,11.974100240870316,0.20345634330807316,0.08328907353181604,4,0.4031868078769128,3,0,A
153,14.392518659348763,0.1935490729782826,0.1726136364551373,5,0.6546929621467621,5,4,E
154,25.406295964986274,0.16743056955859728,0.4925016460479465,11,0.4348159784669107,2,2,C
155,35.600521155708435,0.19642766907468334,0.4311695693516712,0,0.6008117544421012,2,4,E
156,30.795462212451064,0.3179704711710545,0.3539113843585192,11,0.5921481065276482,4,2,C
157,5.538452350169091,0.4587296746780448,0.12009999174927338,11,0.39108410614851385,6,0,A
158,19.344680458885673,0.27840324185688087,0.1603657088565861,9,0.35637488093686,5,0,A
159,38.6727517602295,0.30346779840521565,0.34506413331699576,4,0.6565640285836407,4,4,E
160,14.017518922045403,0.21747050773390775,0.32417687732248385,7,0.6347942194802065,8,1,B
161,7.9022370682025915,0.5719330046567124,0.2501341625047328,9,0.4708249900222268,3,0,A
162,26.861229186156326,0.4764625067231502,0.3458882092006554,5,0.6521942311737727,2,1,B
163,32.51971923248253,0.34189020724987496,0.17739480781138497,12,0.512975262120842,2,2,C
164,13.97488905149355,0.29860245849618966,0.09162884081271094,5,0.4464232219327096,3,0,A
165,15.16969937935865,0.18516984441087492,0.14159646038901028,5,0.6564117280011014,2,4,E
166,20.15787418424357,0.19586685348891908,0.5301440581646262,13,0.4917590803418108,2,2,C
167,31.68526744834657,0.3265873796115302,0.44145468057703946,14,0.684496029249501,6,1,B
168,39.644027368157865,0.24479935772659348,0.1554512481790599,5,0.5394610383943569,5,4,E
169,9.674204784115858,0.319320776893214,0.22399595397002098,8,0.5201732478548544,8,3,D
170,8.170632198753546,0.39980217980146093,0.36577707822645056,3,0.39468478015387165,3,3,D
171,16.291255313461484,0.12121185940415141,0.24102191293420172,5,0.6256211802276893,4,4,E
172,31.40742638610736,0.33352639985590027,0.34117968775632906,14,0.3585843031801479,5,2,C
173,7.014083738821736,0.17729558601179468,0.267362357514054,0,0.40492487365518176,5,3,D
174,21.259659359880185,0.3828989655881681,0.33127173517709396,9,0.5877302037171981,6,1,B
175,23.66966174057405,0.40917728070804915,0.574123861762043,14,0.6867046389087835,5,1,B
176,34.31729249551132,0.23875744939225813,0.14937780446135737,4,0.4041202112035545,3,4,E
177,21.719949692534104,0.2672332624878652,0.5605512021411841,4,0.4009490747697627,6,3,D
178,1.1932719786525217,0.3383736611465412,0.05802645186750825,4,0.48009912895324863,2,0,A
179,9.701379201637595,0.3049439078251286,0.5331194317410062,11,0.4331966980331789,3,2,C
180,36.85153865644995,0.3538726791363703,0.3460143387663765,5,0.5250158462311291,3,2,C
181,22.229998833259458,0.4256149228906864,0.4000423642432943,13,0.46292333575218314,6,2,C
182,4.6996394190363,0.32714999721930693,0.40702874865647237,2,0.4828528912083634,6,3,D
183,4.178198788978628,0.2754163556929589,0.31875915425518114,6,0.5605656829537238,6,1,B
184,38.106401350980036,0.32613162594131545,0.3920955262697227,7,0.609200243034908,5,2,C
185,25.706526441189148,0.3992574726193749,0.5148215937233773,14,0.5774584925127011,6,2,C
186,12.334523550923906,0.25034399711634436,0.3354429739575992,0,0.5487612931361691,5,3,D
187,15.549765811688967,0.2335694230091454,0.41178400661885683,12,0.43100082445564014,5,2,C
188,5.861404381044475,0.3468794816694176,0.3198957904580008,11,0.6377169469975665,5,1,B
189,13.210187315373735,0.3061964976590892,0.008289561414108948,8,0.5844109678905013,5,0,A
190,22.588477974023803,0.27148412264820065,0.5446485880933835,6,0.48750863018718266,4,3,D
191,20.443718670783912,0.18472450503977778,0.3083692827150228,5,0.5254883856748207,5,3,D
192,31.022008933162514,0.31477155915655053,0.02383392673347342,11,0.6340727855915452,4,4,E
193,12.891637572946676,0.26974267329657214,0.03985206089750213,12,0.37491780569159106,5,0,A
194,2.8379488728477034,0.27424141770046917,0.5540644153967591,8,0.4690144905889456,5,3,D
195,35.063489446092746,0.19673308189043442,0.1033001334134002,13,0.6296102454751755,2,4,E
196,32.63960511512903,0.31353771642874007,0.49776896462729947,4,0.5690168779430421,5,1,B
197,36.094538887567474,0.3547512928215928,0.5271681383837298,6,0.5357506637360664,5,2,C
198,15.336579794665266,0.09224837402183045,0.4695445495798769,12,0.4299655255552325,8,3,D
199,24.56113341303493,0.3121197086749869,0.05962615087714398,2,0.4453819801382757,4,4,E
200,14.917308022264086,0.17876021876705833,0.09566729706367395,6,0.3636879747785531,2,0,A
201,32.72141336065541,0.21034251788304864,0.041044860941754586,5,0.5135384746333618,1,4,E
202,8.615321844532868,0.41348945764057343,0.03358784993131627,4,0.5610778967620043,5,0,A
203,30.078020928630245,0.36442895190354857,0.2502585454123383,5,0.5777406505454546,3,4,E
204,1.979622715954167,0.21929545631832748,0.4648504625311456,3,0.43618367179649886,2,3,D
205,8.353702115326882,0.3622546401584743,0.13133284421676897,11,0.4165054129028265,5,0,A
206,4.059593422516118,0.29771354267054784,0.388495843621076,9,0.5913171917106699,4,1,B
207,31.917269945171867,0.4214855881807498,0.5821246477307498,3,0.3576994103991739,8,3,D
208,30.848129528954512,0.31498721268327756,0.10259603123747,2,0.5505710925809784,5,4,E
209,10.679472364966614,0.35153455406007733,0.3686930143359883,2,0.45346815383568984,4,3,D
210,9.479086111547616,0.3666555072383766,0.2106775297257309,7,0.6386542022976375,6,1,B
211,16.193701142201263,0.20948703591074014,0.145392780397983,0,0.4797970071237243,2,4,E
212,1.864802673728037,0.2831974127171173,0.45478546931732383,3,0.5742887010313051,5,1,B
213,26.6142890851014,0.2469259816019293,0.13292467819093703,6,0.6673507408190823,2,4,E
214,13.345513776097315,0.10441919106798692,0.47158028917344447,11,0.5666287562148083,5,1,B
215,4.211298828682125,0.3149799492732442,0.5677196478927755,3,0.590730476409119,4,1,B
216,2.458104308820265,0.3922622216577973,0.5087110997026438,11,0.4662844557826982,4,0,A
217,20.791859327828696,0.4544729782008451,0.5788891033923906,6,0.4772105178499694,2,2,C
218,26.148113661635776,0.2030433406201607,0.4289328183375218,10,0.6543985371643993,3,1,B
219,24.347980466465813,0.3041504905291979,0.3269338257794438,0,0.5031744602650907,5,3,D
220,20.25965028489994,0.2829409134928446,0.34652541880345333,3,0.3676052506659204,7,3,D
221,25.805657874276427,0.3517556955972221,0.508240066139815,0,0.5525683011819338,3,1,B
222,6.334127992021246,0.2827466118620201,0.2471064798264303,2,0.6527032311714033,6,1,B
223,18.113525998703825,0.4256343746500876,0.025441829887230604,11,0.5627261119105192,6,0,A
224,13.088238329088876,0.3901690317233967,0.5667329815319285,6,0.6692232505844731,1,1,B
225,9.027550713627372,0.3672421924179119,0.23316820189133772,2,0.6795396404257528,4,1,B
226,35.67360292150418,0.14686872903194986,0.3514831398775546,2,0.6456118727839893,4,4,E
227,12.84794755355185,0.2720053251566202,0.08585356824304484,5,0.3576832106083806,8,3,D
228,25.367694272597298,0.42633398466204797,0.01939680341294221,13,0.6160943341242874,3,0,A
229,3.9343348804014835,0.26051902105698027,0.22901154035364812,12,0.501659837827399,5,0,A
230,12.60656674406336,0.4070980608391737,0.2887630953648556,11,0.5946190687464373,4,1,B
231,9.50728990776602,0.3015453829091177,0.5885055716859798,6,0.5730579808303065,4,1,B
232,21.478090910210064,0.34372580783196044,0.45060058309794565,5,0.43556281594083085,5,3,D
233,19.084078622633548,0.5646726342632701,0.43450942137250403,3,0.3897053026900802,4,3,D
234,26.409645048587514,0.27121699781421915,0.15188513195404632,9,0.6866600282208978,7,4,E
235,14.259231486289131,0.3669955927875438,0.4396259266580103,11,0.41860572582574285,5,2,C
236,37.28750748064548,0.39681507814046696,0.1739309841336352,14,0.6590043560325696,3,2,C
237,39.52696302440408,0.24591393258726774,0.46275944531096086,1,0.6109649405506875,5,4,E
238,23.809168295848135,0.10801866255729636,0.1410522843268422,12,0.6375009331924908,3,4,E
239,26.80262380934539,0.18768036839926008,0.23098784036840145,4,0.3962864041961705,5,3,D
240,26.294458466638865,0.3439087789198641,0.31211888932145,9,0.35419114625680925,2,2,C
241,21.21237093929048,0.3555038385074524,0.38508652745602273,6,0.5722305346473269,2,1,B
242,27.178793163990928,0.42115986895318264,0.5523711064682671,7,0.47109687520193183,6,2,C
243,34.89761542510365,0.4946079328406815,0.3717665762159414,4,0.3541549675766049,3,2,C
244,33.08008362133141,0.2520290464231166,0.1462953048190593,2,0.6933697664593197,8,4,E
245,11.122236959162244,0.0,0.28387885386310835,5,0.6594126050006935,4,4,E
246,31.716299004180115,0.39450097411987917,0.30551885367839865,7,0.5384674252914328,3,2,C
247,36.90897227334214,0.43149053873103305,0.24126158179471774,12,0.6784569497785375,2,2,C
248,35.55753517072977,0.3299165308294194,0.1485348681710437,2,0.4188233797662255,6,3,D
249,33.177328552852735,0.4881818131976027,0.16099690850292744,9,0.5747191656972953,6,2,C
250,24.080110596557347,0.2516556597085476,0.49955746595716594,3,0.42237767323200825,5,3,D
251,6.281601273427121,0.22953994813844109,0.44251967223890926,1,0.5348318521785783,4,3,D
252,11.830670334011312,0.1664049602909163,0.31386109855455774,13,0.6939815784176486,5,1,B
253,1.7156000351065455,0.25484879682546846,0.016156950634267763,0,0.5860795883319947,5,4,E
254,22.04438185827949,0.4337322136458497,0.2616224942466976,9,0.581919578891753,5,1,B
255,35.051302062904455,0.10156556822277843,0.52493768194622,7,0.3983473564968428,3,2,C
256,12.959670346354956,0.23322833066636375,0.4557919589306008,6,0.43133358002194,4,3,D
257,2.1530281650162086,0.30984382939723804,0.35087705197747615,13,0.6802483581295975,5,1,B
258,13.219439228076075,0.35172561744299813,0.29988329904600136,11,0.5154097327680288,2,0,A
259,31.89192401720617,0.5412099361537339,0.2644771806660631,3,0.6814420014337641,2,1,B
260,3.3959308289994636,0.41317247304741966,0.4038925200177705,7,0.4824050990279948,3,0,A
261,25.79515278774784,0.15539965960783672,0.14423886605023314,4,0.6191128026025137,5,4,E
262,24.130744237201693,0.2548593523406101,0.39757005263138834,3,0.4897551150582008,3,3,D
263,30.048519700693998,0.2689063124757813,0.42918445715413683,5,0.5760812182144217,4,4,E
264,31.358833565474434,0.3336723270549046,0.05800497490079173,3,0.37993629023867087,3,4,E
265,38.495096175412925,0.32688663051887756,0.41575571959302865,8,0.37792068107617416,2,2,C
266,1.2714187888728454,0.22292500263689471,0.005329184831211475,14,0.6057789899921797,1,0,A
267,23.204245945934307,0.18250904753010377,0.027101460400766463,11,0.6829511547930833,8,4,E
268,30.704296466630552,0.24923222717793142,0.5384121708663713,6,0.6783033105471448,4,1,B
269,36.48089511294701,0.2298722863671412,0.3718829438338814,3,0.44785152041248744,2,2,C
270,30.658153689266204,0.2928250204926594,0.36394945205732593,10,0.5054790033593396,5,2,C
271,8.669087541628677,0.45459422225392004,0.40056919085725884,5,0.4372598852462389,5,3,D
272,38.8990627681363,0.17615612230265804,0.2863056573045506,5,0.5537389312907719,5,4,E
273,7.077422673027566,0.24268679188518175,0.35024368909397163,1,0.46699550507949683,1,3,D
274,31.611734252696934,0.24449873834877994,0.4562586686723097,11,0.3727659336567713,1,2,C
275,30.01614686220626,0.30311835541224663,0.5234649130644742,2,0.39761334246068375,6,3,D
276,33.52001233572842,0.3674575357770689,0.16963656537946684,5,0.5136498650204441,5,4,E
277,3.2709113016685785,0.1394000709440428,0.47101829265346257,3,0.42663453020959974,4,3,D
278,24.63669842863451,0.26937995454044555,0.39097830661768157,14,0.3599428403390382,8,2,C
279,21.340207103576297,0.0788253035773478,0.380412067239511,0,0.5136705989902088,5,3,D
280,16.608679298295048,0.34668960031377644,0.35697123234299827,6,0.49868021772264215,5,3,D
281,16.067578593162608,0.4612892386772333,0.030040018983884087,5,0.4396418450884446,5,0,A
282,37.64709677602766,0.35839005584285244,0.23190985678860915,7,0.36169400909295835,2,2,C
283,25.88429988756752,0.28204800764215754,0.31187779548090033,2,0.4864963561350952,8,3,D
284,22.143166876454874,0.28275221866101435,0.5839205370111523,5,0.4837400761793246,5,3,D
285,12.895555350866266,0.15345543451753232,0.03704369159625533,8,0.48970092342809496,4,0,A
286,17.627955050707836,0.48349262368120016,0.22843775605678637,5,0.6270596840767653,7,1,B
287,5.247041583958302,0.29076817525677134,0.4016172364037292,6,0.36870656426788073,1,0,A
288,8.43312847036795,0.18934048065741643,0.5666434518965603,13,0.4118243756190542,1,0,A
289,30.902921007826237,0.30365773600428064,0.11421045075547714,10,0.6336823135002887,7,4,E
290,17.94710342408764,0.1296831452895878,0.050806743381537164,0,0.679567527414593,5,4,E
291,30.717039241184867,0.27625257015198884,0.2552737252641331,0,0.4687933419090052,3,4,E
292,1.5666263145961956,0.12329381717209018,0.5003361214025197,6,0.5581358387748305,5,1,B
293,38.3701491061375,0.441015090739287,0.4458867864635991,8,0.6460338745517755,2,2,C
294,34.74063684098298,0.21928636400672263,0.1570321555273377,0,0.5404029856480893,3,4,E
295,4.444839870528538,0.05581810702814566,0.4344510609844466,4,0.44994635063058186,4,3,D
296,8.084378383234245,0.5278614569032667,0.4444424281043617,1,0.4757493886471298,8,3,D
297,3.9893830527974083,0.27573716286681976,0.3984239570844888,5,0.4319621550593684,3,3,D
298,34.07323906794738,0.24879241298955806,0.09842110625507462,10,0.40298294129837975,5,2,C
299,12.404699879355551,0.5726138362370758,0.5326112112356031,2,0.368001653979638,5,3,D
300,33.77868404930562,0.2890876432903093,0.06304895428263148,12,0.41328128275919707,3,2,C
301,23.866055320758658,0.15781476935477753,0.31763541837274245,12,0.574754129965031,5,2,C
302,10.527137092791875,0.3014274067906075,0.35169740882470807,0,0.4101886974426447,5,3,D
303,37.95652667078042,0.39942029270664237,0.13001595435932933,9,0.3826627426266968,8,2,C
304,20.476212868153997,0.24788829391624304,0.3271027817179003,10,0.36771330692761395,4,2,C
305,11.37758185466903,0.41185160553578365,0.08203351432404339,4,0.5531935890329113,3,0,A
306,27.414801861168147,0.31633123356143805,0.05463881082538686,4,0.4474373393590145,5,4,E
307,29.554903897514656,0.22083423356856124,0.2780878173482409,2,0.5233145637161292,2,4,E
308,17.03070953190934,0.3846264374199812,0.1117560061121946,11,0.5491032195961597,6,0,A
309,5.491975290955835,0.2846237311563818,0.3604910126689482,9,0.6456731385160848,2,1,B
310,22.029716257578777,0.23009579043810863,0.426624609199254,14,0.5611525473674501,6,2,C
311,21.020501511765225,0.3224986080757999,0.28112730052532525,9,0.35992078607278966,3,2,C
312,1.5785229969175494,0.5114890587717363,0.5719533072549041,7,0.5590710978532889,3,1,B
313,32.480300734207546,0.013245467287746837,0.14133753709856536,2,0.6276603909094061,7,4,E
314,21.627805108472,0.13183954993673375,0.5438468676920977,9,0.5770823858140461,2,1,B
315,1.9506047670313307,0.501151370842419,0.4923031503140132,8,0.49500422306722885,3,1,B
316,2.7801776651448664,0.325979673285047,0.17008257698575882,13,0.47870812313985867,2,0,A
317,26.853274673607025,0.3756858215795478,0.45768202437021227,0,0.5773362779720599,8,3,D
318,29.064529259966626,0.265102382433779,0.47965484541643066,5,0.4997594796342887,3,2,C
319,24.34007889846144,0.3451751776884339,0.3809266492336105,13,0.532314077536314,3,2,C
320,4.731582531299328,0.36194549583519897,0.20126942639986015,7,0.5383537908181837,2,0,A
321,28.27557276645833,0.3153705697003374,0.5701905351271663,2,0.4591287604032152,6,3,D
322,24.3029867836952,0.38680908428344096,0.5388350348899907,13,0.6152025468544988,2,1,B
323,15.015064958427963,0.2969763593651902,0.09257982838273786,5,0.46758981018428386,5,0,A
324,14.065701615105601,0.31999859505174943,0.4064434574518416,10,0.4921829859188973,3,0,A
325,39.51648678206634,0.417105565977398,0.4971591859783202,2,0.44784524667374137,2,2,C
326,37.68482789762901,0.25388798594163725,0.09662032456281684,6,0.4339785482557655,3,4,E
327,16.72757386763589,0.20133028881175852,0.5508977946027561,14,0.41808447284079336,4,2,C
328,38.1700970662704,0.2813368548191772,0.5378103358036841,4,0.6482142729320715,5,1,B
329,38.94509308889924,0.3710406688463951,0.17469927550388017,10,0.42194413050809015,2,2,C
330,39.78697755044935,0.3014773645660051,0.28837740679510504,5,0.6227088664837179,5,4,E
331,26.717065446524344,0.4850005666706742,0.5879117623774718,14,0.5104380962945548,6,2,C
332,30.54368259224496,0.3258100197052206,0.2629071892450131,0,0.5948188052579452,2,4,E
333,31.877149087720095,0.14287305339494136,0.461188841567064,9,0.5756464488501091,6,2,C
334,37.823391899524744,0.28613134028336484,0.5824930071868842,1,0.4089978198150168,3,3,D
335,31.86174072440062,0.35419561078404344,0.5679249812228624,6,0.38776898781489233,6,3,D
336,31.619034143919464,0.36940538129108785,0.06794372436091771,1,0.6763370028812075,2,4,E
337,19.453090566703274,0.3008112148670935,0.35784723314324357,13,0.5683445459347177,2,2,C
338,11.91178561858386,0.3373512066800377,0.18157600172211574,3,0.5893449194788258,3,4,E
339,24.226692995945225,0.43476703769790803,0.19736159786809182,11,0.3966924325201348,4,2,C
340,8.407686312770945,0.38453067330594426,0.01867384615548724,9,0.6009340060945823,7,0,A
341,20.33609890342064,0.32656359359762205,0.29347170471746337,9,0.3578879784969775,2,2,C
342,1.2474719107218588,0.35487855318754236,0.3170384715131224,7,0.38390592782347577,2,0,A
343,24.36579047667372,0.40255390506751554,0.18737920215843726,7,0.5510332579353002,5,4,E
344,37.9327389233335,0.25851427418686096,0.12493023655167507,12,0.5474971455720858,2,2,C
345,9.312647896875653,0.3452286375337942,0.03238090806472591,13,0.4731724957860377,5,0,A
346,11.01456232486677,0.22504973511145143,0.28607973187829044,10,0.6802086056133393,3,1,B
347,36.28749497651645,0.10827353929268962,0.4590756706290442,13,0.5952427886838461,5,2,C
348,4.846542019234084,0.49128792729702453,0.3067045802564245,13,0.46403560035958796,7,0,A
349,20.87432929667082,0.4575801554231567,0.32235409683927563,13,0.6362825903163503,7,1,B
350,8.19115736889935,0.3956136343142953,0.5381354864484478,1,0.6630268327800241,4,1,B
351,10.915832810114708,0.2855257671296143,0.16032691337361057,1,0.6277772143106521,2,4,E
352,31.857888058676018,0.3974211811477515,0.21791493863306535,8,0.41873240119173494,6,2,C
353,34.186111180368854,0.3974141212289126,0.133890729879823,1,0.6351261877215685,1,4,E
354,2.70950878628827,0.2417032842161966,0.24706923712301165,4,0.5225474829603256,8,3,D
355,30.05746483863724,0.20170628656008024,0.10057509634051298,11,0.46432030478140196,2,2,C
356,31.11944011488179,0.3177586818817699,0.516307440447619,6,0.6155360557386536,4,1,B
357,22.164571251264494,0.44098375754773533,0.41542737070204344,14,0.374366099230305,2,2,C
358,25.8643071038181,0.23939170410903046,0.43221956003261774,8,0.5786659735436357,3,1,B
359,21.80778826660556,0.33222142648056385,0.09804013411068188,9,0.3527266899585284,7,0,A
360,5.07503200497797,0.3445930596258024,0.513291587600696,12,0.42858073606262476,3,0,A
361,31.92560524830311,0.3570600960068023,0.2698447522865808,14,0.5318387239462435,5,2,C
362,26.467974351462562,0.3071606586574842,0.30709058639340225,10,0.6069481253986122,6,1,B
363,16.23478645908837,0.40332681107931806,0.09442240865339566,2,0.6348951851566251,3,4,E
364,25.389153750462746,0.2656250330123483,0.013575173041777177,2,0.5390738674418016,4,4,E
365,1.2087123569566045,0.1899684666860298,0.020604771198839942,8,0.42584959343306195,3,0,A
366,23.14905760232742,0.3798929757668316,0.5196865750147318,3,0.40046556511992853,5,3,D
367,5.883192697606454,0.36167937572981534,0.3578246899738701,3,0.6720449128212864,2,1,B
368,10.75064938367825,0.2531821020763374,0.4870574642266571,1,0.6046497503059134,2,1,B
369,29.842506610059246,0.09651160904305883,0.05597219664706954,12,0.41372266109477457,2,0,A
370,15.14826466002672,0.13772387059846494,0.5625636878210318,3,0.5973706947022613,5,1,B
371,11.076415751457253,0.34906459261391715,0.513719302316201,2,0.38880656969396465,1,3,D
372,23.313076069190878,0.2740534470868554,0.5748302335457546,8,0.5297549657660232,2,2,C
373,37.372322253809344,0.3294933591388667,0.32642373969240873,9,0.41212627376571076,4,2,C
374,2.9898421184787547,0.18598159075637588,0.18108700814686288,14,0.4710923359729671,4,0,A
375,7.517484241057703,0.23511654220620581,0.093633997665308,4,0.4180877388855505,5,3,D
376,1.383005486668053,0.43787016966167247,0.2843082185173748,7,0.6470257074438198,5,1,B
377,27.622767986851304,0.16725234950208287,0.26763466178622575,1,0.6330953159255588,3,4,E
378,39.164991769560494,0.3275931906722502,0.26307920675745655,12,0.4629437253618631,6,2,C
379,7.126506322429291,0.28996237296564475,0.31857564181096754,13,0.5361765590135547,5,0,A
380,35.192438446918274,0.38047323548573764,0.17689171803180959,8,0.6178356368109341,1,4,E
381,4.30390647219389,0.1461989578926445,0.5280222925470489,9,0.5173589350533802,8,3,D
382,11.911644781305764,0.3251261202169274,0.5498317848466427,14,0.39012319359960634,6,2,C
383,13.69307909277392,0.300215727573323,0.024298846045504495,13,0.46235428842302195,6,0,A
384,26.14349381710544,0.29438323820317924,0.5844201869449307,0,0.5270747438149505,5,3,D
385,21.539911789200325,0.34034917009244475,0.3518456772161507,6,0.6009630788039935,8,1,B
386,8.043800772551702,0.19273574121774661,0.21480578461411862,12,0.6543095730909786,4,0,A
387,5.0314692738422595,0.22667640386620064,0.01418101724005789,8,0.40970432500205733,6,0,A
388,6.26431954453594,0.31094080000437274,0.3982397221391188,4,0.6605553768386727,3,1,B
389,16.814145257489738,0.30679160087325086,0.10818518641585613,9,0.40813113945861534,2,0,A
390,6.069201528933005,0.3198143171126363,0.3459056486487231,5,0.46382772379285986,5,3,D
391,1.4147568249587912,0.46073229537873645,0.4390787430333958,9,0.3671356040791414,5,0,A
392,39.1795478913784,0.10848333336820232,0.27089992009151226,3,0.5502339580238231,6,4,E
393,29.551199487361977,0.27368985574880533,0.5591199756966085,1,0.6234437540158166,5,1,B
394,28.0021247430462,0.4511914251915059,0.38070695587792186,2,0.3958546741760248,5,3,D
395,28.302093504136263,0.342822838833382,0.17941586657964656,12,0.5917750453022945,5,2,C
396,33.46764369445036,0.28853494195724305,0.3439310111033879,13,0.42965501273729545,5,2,C
397,37.88772213517575,0.4519430807608893,0.28516842345554433,12,0.6861417352845803,4,2,C
398,21.711839322073114,0.3818301592892078,0.06592720929559649,5,0.6814178727791352,5,4,E
399,11.660123450866724,0.4002503937580632,0.5569068623093094,10,0.5006429323713673,1,1,B
400,12.426393014776917,0.3026467028412894,0.2886341794010892,7,0.6949898193119652,3,1,B
401,20.905139481180086,0.28561751247754635,0.5523898604228166,9,0.5132151002621317,2,2,C
402,26.394783753936807,0.38545126992817047,0.010956894365681613,2,0.5403519703201891,5,4,E
403,17.276201255209994,0.3048887979237841,0.006515115308989072,12,0.5537402428109175,7,0,A
404,6.562791821911046,0.2443266660466671,0.16499754095528602,0,0.48369735311550344,4,3,D
405,38.121319732404814,0.29697237165869356,0.4321715096194039,9,0.5665653423996135,4,2,C
406,34.38125108882556,0.28306219402852567,0.5931924860177274,1,0.4831995349085255,5,3,D
407,6.246461393120862,0.24919150634141723,0.5317209583082261,0,0.6189220661275171,2,1,B
408,31.770391075206717,0.17224084174655746,0.023789703106477145,1,0.5449735354383962,6,4,E
409,21.701132702560567,0.35862882719943284,0.0698658100798408,4,0.40909090493420214,5,3,D
410,27.4683451329188,0.18358791925721285,0.04034635092854455,8,0.4966723814211035,6,4,E
411,1.6584368689207034,0.3425397032878694,0.32802826502997506,10,0.6528827020530403,5,1,B
412,36.79899831973618,0.12483118629671111,0.006146533249615693,5,0.6869580682695926,6,4,E
413,5.335759443635381,0.24440297706233946,0.01797903243123271,7,0.46554318805438466,1,0,A
414,8.229795270417563,0.3393111801973597,0.05274565868201781,12,0.38733503453851104,4,0,A
415,36.05301663254467,0.20321474163975967,0.23160744872113148,10,0.5485129187549886,4,2,C
416,20.102304214188255,0.329372880759885,0.575974888881023,11,0.43562482755747517,5,2,C
417,10.02806003832417,0.32338476099544305,0.4221920698302611,2,0.6948368497322883,4,1,B
418,4.81813423907717,0.3054266512553934,0.1999291925529272,2,0.5518005843613174,4,3,D
419,15.134262206912489,0.3692529781592918,0.45706876977830324,12,0.5875294857265168,2,1,B
420,7.167091748674782,0.3134692072191595,0.4583455127170211,8,0.6478955838032041,5,1,B
421,2.2826769436490753,0.18657232751059144,0.08531330114238497,10,0.6323109587631488,2,0,A
422,27.796561153900093,0.22664675127648587,0.4554542725818882,13,0.4551048647336852,7,2,C
423,1.829831691805742,0.26806664354020515,0.40217122543567857,6,0.6866919681624046,6,1,B
424,33.43544244736495,0.3349444080972994,0.17810833807243726,1,0.5039233725182592,5,4,E
425,2.891366662763674,0.4486445918095241,0.4219756467437765,3,0.6106657067744998,2,1,B
426,19.295836677865644,0.4560350199622305,0.5378569243891786,3,0.45281141573098277,5,3,D
427,18.696273280258968,0.2583255503294339,0.4138526262212968,5,0.4028659766630616,3,3,D
428,35.40162477848111,0.3250480169277576,0.2595744013435566,5,0.6861088849089958,3,4,E
429,18.94916236833789,0.27771309549141265,0.5063908816921623,9,0.6073650116618488,4,1,B
430,23.08694733625165,0.22491633505142702,0.06477803862079441,7,0.43617272587364386,5,0,A
431,16.348366057811546,0.1837727043925547,0.16217713607736847,3,0.5296819824722989,4,4,E
432,18.04674988841617,0.4564299079736336,0.129640540628685,11,0.5514523082640241,6,0,A
433,37.90545047853365,0.2700030518322504,0.3548281705349999,1,0.538224318940717,2,4,E
434,27.257308352149256,0.1456730349037126,0.13035202270430774,6,0.45690437355046554,1,4,E
435,14.034773246310605,0.4096553876846043,0.5075179692580842,14,0.5339257955051068,5,1,B
436,11.830387081806323,0.4977699417878448,0.35267189146219746,0,0.4572848840444533,8,3,D
437,20.83829215101221,0.3105894399937056,0.2777953376456787,7,0.6958931958304015,2,1,B
438,13.64826942238824,0.32244533210606857,0.042917424885053186,6,0.4694020437548401,2,0,A
439,35.41944266303393,0.33132669113429164,0.31246318945434204,4,0.686177327414297,2,4,E
440,3.9743567426223696,0.1428145946492443,0.5908555146287098,14,0.6512175073202641,5,1,B
441,33.32669145119449,0.2860156924771947,0.42300694108926434,7,0.4080504850159954,5,2,C
442,28.737793504839203,0.40890348425928336,0.14390201311700904,5,0.5778336179660143,2,4,E
443,10.084309530712781,0.20357335269284504,0.29937692974033847,9,0.38022393694307116,3,0,A
444,36.45029830877444,0.3289660758745768,0.1866357944227268,8,0.5739908831687539,2,4,E
445,32.73234130169715,0.26530781642787965,0.33234539253044315,14,0.5711533789093716,7,2,C
446,16.198185113052638,0.26781444049526676,0.17275605180938816,3,0.4588602206480941,2,4,E
447,33.84701105766498,0.33348352712655777,0.5419187542679476,2,0.5381925286662386,6,3,D
448,19.431473021634233,0.30452517187504824,0.4039123401250557,1,0.39928482326716536,5,3,D
449,8.238698141010062,0.3312781664540343,0.3149835532170815,13,0.6910454995502339,8,1,B
450,15.881996699638437,0.29594202200563186,0.26141936841853297,1,0.4253175566716667,2,3,D
451,38.77936317459164,0.4113636692546239,0.2551466804767834,8,0.5028679770354156,2,2,C
452,4.600485709232272,0.2170215843225891,0.2948369501900046,7,0.35418615158585204,4,0,A
453,13.844303142276676,0.4093644811460596,0.15520971569094533,0,0.5510605169451532,4,4,E
454,5.856520448265912,0.4630410022065297,0.31230647768748704,6,0.5143795156078939,5,1,B
455,31.075646345408828,0.32719083139786675,0.5529683958993452,10,0.358308513268221,4,2,C
456,29.374823084210682,0.19692346667605143,0.10909345952469736,0,0.490834780148349,1,4,E
457,18.485511586189123,0.44812805779198167,0.05604254878331383,13,0.39138311706563356,5,0,A
458,20.29615646574196,0.35248657434976466,0.2609096954603524,12,0.4500446078278249,2,2,C
459,24.80343686174527,0.23030956823388662,0.518604811577731,0,0.5061696522155149,4,3,D
460,29.8462372973008,0.16764127443875834,0.47464526537718876,6,0.6586204048254816,5,1,B
461,31.778340449925498,0.021792365723975082,0.21911271517917888,7,0.3705384928344041,7,3,D
462,18.4638346931649,0.2740124198839545,0.035558449521524135,2,0.5217269495664266,2,4,E
463,38.668002545164086,0.4364686247078355,0.15938807080498849,11,0.5948354122402172,6,2,C
464,38.886840835960285,0.3001866870623714,0.5449905744134783,13,0.656374381237216,2,2,C
465,7.2042875512255895,0.2468281894212928,0.3883336935036218,1,0.5697141736089527,3,1,B
466,31.342686294126615,0.3924642305139436,0.07916378164440836,7,0.4605830636938475,2,2,C
467,38.89986210061114,0.3443923288463455,0.42542597817940186,14,0.6250227875102861,2,2,C
468,13.884144836705664,0.17905901898389756,0.14321429480329242,11,0.3515816582478277,3,0,A
469,26.21744257860568,0.37056208137287927,0.3224522330989588,5,0.5162927922340904,3,2,C
470,33.620250626197375,0.2267357816793702,0.3506951603929929,2,0.6445810037235631,3,4,E
471,39.71811746401944,0.3495236085643307,0.3653750520453965,1,0.4185441983889935,6,3,D
472,13.88597292850734,0.363660312264768,0.4578943575041764,1,0.4842429023676065,3,3,D
473,17.303703238809987,0.27900859685166857,0.008978247221950708,1,0.4792658916431276,7,3,D
474,6.129204672126733,0.4271358522323231,0.5328069300398798,12,0.4724655157287686,4,1,B
475,19.112227514602893,0.3214025224067616,0.05279737222954515,4,0.5917302808500622,5,4,E
476,24.40694766128287,0.33916466796753797,0.24643567802057234,1,0.6829126731799611,5,4,E
477,3.1441869508734737,0.309647613825966,0.5671041457240191,2,0.6624103927516553,2,1,B
478,8.811220232556032,0.3014041466634033,0.25958752738732577,7,0.4256774290306372,2,0,A
479,6.377276420122503,0.4530580721924804,0.47006434545711084,0,0.6782957148767088,4,1,B
480,22.070158521967443,0.2969356645740361,0.15288502550244912,13,0.6827381817191982,5,4,E
481,3.389153065807038,0.31326359539979204,0.5011034862451891,0,0.6568117918109906,8,1,B
482,32.382132093603644,0.35499727268829295,0.08302849150779835,10,0.5991662786654992,4,4,E
483,25.742032190630013,0.37322909903824664,0.33441299575152167,8,0.6531842193319634,4,1,B
484,8.7337125513365,0.42206900492712,0.0940120277892973,7,0.6459960106700722,4,0,A
485,6.004951327047444,0.16443776133793056,0.5445146143000963,0,0.5360054600683671,6,3,D
486,9.49637254449777,0.13950286519830618,0.08734096354280778,0,0.44765192750721033,4,3,D
487,3.296279814653031,0.23719089259677123,0.04210685637284423,9,0.46982996348938244,4,0,A
488,11.832503801063565,0.35459368065627883,0.5250371770399156,0,0.42348171016706765,5,3,D
489,39.05439078761745,0.31803923484555824,0.28797381524864224,0,0.5671383459961112,2,4,E
490,17.125671648058297,0.21352587438392467,0.017580017452921703,6,0.5941493391821809,7,4,E
491,10.71438516774265,0.45889609940587817,0.47634932418266845,9,0.5408593560708354,1,1,B
492,10.504775257198306,0.41436012103997083,0.23489257486402856,4,0.6647365733064947,2,1,B
493,10.229475078349898,0.04977917965369483,0.13169748212856033,7,0.5276184743843967,5,0,A
494,17.092633410660014,0.3107325296059537,0.25131301563606,4,0.5502753397525111,2,4,E
495,3.392552609714276,0.5545891456912547,0.08005073601146769,8,0.5537735305801035,2,0,A
496,5.577487705095682,0.20710622062991296,0.09957567131006759,12,0.47678331783589356,3,0,A
497,38.9541288004053,0.35639193085099957,0.08880008071894507,10,0.5714534306403984,5,2,C
498,19.043936772143393,0.44303657811836816,0.5104078343520329,12,0.5876352093209216,5,1,B
499,3.9121503920165184,0.26437660666041735,0.348063718821253,0,0.5904984933885956,3,1,B
500,31.570793014670222,0.3403717950330914,0.05746415948968994,5,0.6790711927991924,3,4,E
501,30.558440421569195,0.2863382385120512,0.08460917795670497,8,0.5901317862794899,5,4,E
502,1.9745946924063582,0.3603539317604617,0.058904931098345686,9,0.5519054577142402,5,0,A
503,20.842304706579764,0.4339881907229052,0.16179271391815422,2,0.6331479084451572,5,4,E
504,31.51648274286791,0.3798573568684068,0.5160329307515946,9,0.6616540048207823,5,1,B
505,28.021658735905422,0.24457083902500865,0.06168019594391243,7,0.5364993189036147,2,4,E
506,37.90017215882713,0.26393631175708915,0.19153693667058283,12,0.35468199569799214,5,2,C
507,12.994956661129107,0.20155895239458876,0.5298143835415351,6,0.3936846658885235,2,3,D
508,39.444877535742414,0.40557308388588065,0.48777629203565726,5,0.44240184330897103,3,2,C
509,4.288467735902644,0.3246126541028652,0.5141206747557772,5,0.6252939359470053,4,1,B
510,29.56864497275812,0.4308121055724109,0.49824010017091164,5,0.4697553257855746,4,2,C
511,21.86713004190769,0.27266475028886805,0.08709291123225886,1,0.4031362655938736,6,3,D
512,24.373037208503874,0.24404061496891327,0.15011975256650423,3,0.43397116947487263,4,3,D
513,31.63689939259053,0.15836000802072137,0.42120152699506347,0,0.6400888967012472,5,4,E
514,12.88369008233764,0.3575211731290008,0.48762109601880316,5,0.5331999045212791,2,1,B
515,5.722578353141735,0.1879240039755306,0.503611743126756,8,0.6271471022980157,2,1,B
516,17.13719139776612,0.16106441854034426,0.5075392701117059,4,0.5199618986477068,2,3,D
517,24.206195933209358,0.2708092755309384,0.21166790797576368,5,0.6134978616307414,5,4,E
518,30.107228006740396,0.3041634944436239,0.2641266145965773,2,0.6949947660780604,2,4,E
519,6.711771349413191,0.24583450077108301,0.21948298232758862,13,0.6858458851395157,1,0,A
520,28.948794389496793,0.24295980607529763,0.30060530709348865,10,0.5800780215098685,3,2,C
521,28.047050594797724,0.39335709603031765,0.4454720240726092,13,0.6866607936531718,2,1,B
522,4.907745188515106,0.5360146096186416,0.16246879856654398,1,0.6817958029228087,3,1,B
523,8.587416933677208,0.4395394976104965,0.5569865906812769,11,0.36515523618000423,1,2,C
524,4.141353630422034,0.2684631636564269,0.3509301976856627,10,0.4357904550080761,6,0,A
525,39.70795456439823,0.2537317388248677,0.25986413634233035,13,0.4333087274223273,3,2,C
526,8.212426784010725,0.23859109080847601,0.3190488869619895,0,0.38271844167464086,4,3,D
527,29.42184145853013,0.24300716788980178,0.045026151002518895,2,0.3538405899647472,4,3,D
528,23.96189145229116,0.2966994357771553,0.2998511594401506,4,0.6477597079809245,4,4,E
529,16.398479160544586,0.23998817454831856,0.5077025429855417,1,0.37454671986019294,3,3,D
530,3.15253725549868,0.17959430070060156,0.01342020540495883,4,0.47836528780423326,2,0,A
531,3.252737601398941,0.3218720966608804,0.20885549519460248,13,0.6077604638261918,4,0,A
532,30.302099930966552,0.20499607163206526,0.2403196576729625,3,0.6572044501355302,2,4,E
533,20.626976862726206,0.2331314556194049,0.002229305364978318,0,0.6059590097440001,5,4,E
534,25.285758751875775,0.2585346436232356,0.11818870447011307,13,0.5408757020932864,3,0,A
535,25.81737090410857,0.24692791597720357,0.43922276311373953,6,0.5473620066338647,5,3,D
536,27.091308352250646,0.26979064615277326,0.34783347712920987,7,0.41562343401360735,2,2,C
537,5.859325410970058,0.39970361486353767,0.373633997811861,12,0.6985828962456944,2,1,B
538,32.13222658139641,0.44744305652852867,0.4925124455870338,2,0.4768961810131855,5,3,D
539,15.643464799732696,0.3072528627943399,0.38980103834651825,1,0.3557286768464322,5,3,D
540,32.17615267393837,0.43316989571571374,0.5194239719433906,6,0.562065461737314,6,1,B
541,16.24227593878235,0.21248738706640224,0.18257404116312653,10,0.43636306714320383,3,0,A
542,31.05486387564643,0.1668445326632883,0.20220386540732932,8,0.5650355142187807,4,4,E
543,17.436562937395212,0.28433627615583645,0.584591527645939,4,0.69511979864608,5,1,B
544,9.69747509758174,0.19737821857122254,0.23784917792542676,14,0.41167146485890077,5,0,A
545,28.614705540419738,0.25625982941281666,0.26928252704687566,4,0.6449312001580632,5,4,E
546,4.607511701443404,0.050412348913301375,0.30361341514278345,1,0.6287150614408261,3,4,E
547,8.17451822745858,0.311781384708285,0.0005421078509621147,9,0.4408070968092893,2,0,A
548,7.202680082532234,0.1913409292924791,0.18602668057425076,4,0.5565157884570733,2,4,E
549,7.997361714500648,0.30245321416444687,0.22827567714265,9,0.5871134914663018,3,0,A
550,38.64630721453092,0.34895581148392046,0.5188908133666974,0,0.46785068500627813,8,3,D
551,27.223492664398563,0.3236191655407781,0.5879251014165955,5,0.6835627291192716,5,1,B
552,11.36796298057971,0.38276256339556,0.5722383525377555,8,0.6414984906541614,3,1,B
553,28.89067105955474,0.1566219751133733,0.5228302208043352,9,0.6293264324125364,2,1,B
554,32.795372827977374,0.4215351646329549,0.488724236396364,2,0.691994966796995,3,1,B
555,38.77755130049675,0.411874353736936,0.31535305471170993,10,0.6333733420984783,1,2,C
556,23.82762396752682,0.3519097923648475,0.4561580690859452,2,0.6413277658305145,3,1,B
557,29.39500275708786,0.2505987866863917,0.014929758134710957,0,0.6097483842861393,2,4,E
558,3.69741552746299,0.18793088295401134,0.5097778847596026,0,0.47603659403061616,6,3,D
559,20.07847129148487,0.18885227870111734,0.27877880642584346,3,0.47923148633375046,5,3,D
560,30.813943449432077,0.3435525543706141,0.42309608939708027,5,0.6913073106401981,5,1,B
561,35.51550572861639,0.28540310705244054,0.28124516029227214,1,0.6027287046307256,3,4,E
562,24.573186590752236,0.40563494383501986,0.3901057334759077,2,0.38444280357774835,1,2,C
563,16.611997220594098,0.29176207164414514,0.45625881434964044,7,0.6187020852202887,4,1,B
564,16.153268878889087,0.3203289051390589,0.5728531792959382,14,0.3915066882528165,7,2,C
565,11.541190086008472,0.17098365415154676,0.2564889622576026,11,0.5823599088305366,6,0,A
566,39.638518027237986,0.32039681908816486,0.4337719767989658,7,0.5646537901864426,8,2,C
567,3.487106239915823,0.31317873042926225,0.5063712357479766,4,0.5112337930903504,5,3,D
568,3.0252641326950283,0.3433062836790238,0.054897638474331135,8,0.6361240905142259,5,0,A
569,24.65764424416518,0.11985187435179542,0.16048538440027882,8,0.6560540694466275,2,4,E
570,14.871386550594694,0.3316264727573041,0.45833079872311683,8,0.5810248114953391,2,1,B
571,17.37270670484893,0.35756868506636025,0.5562818324752922,11,0.43649731975972506,5,2,C
572,16.43095760946086,0.3851796644033004,0.39474911614651537,1,0.3526643820310697,4,3,D
573,24.08975619243195,0.5322113928361455,0.32041169341565107,4,0.5615290204557898,6,1,B
574,38.6016226302319,0.22355662043500307,0.1300652982409124,12,0.5601556060768923,5,2,C
575,28.496617281253055,0.1895684231776431,0.31357761304314397,5,0.6996829744709213,6,4,E
576,25.949647242725625,0.2948516187545931,0.5945242977757111,4,0.5043096191112704,6,3,D
577,27.88422722887492,0.22269800787145935,0.0010713493683802476,13,0.4053775079464254,4,0,A
578,35.061061227990834,0.18590394436675695,0.35382818565886237,1,0.5359615315255131,2,4,E
579,12.252269145157117,0.1986434140160261,0.3009119209852709,3,0.41006038406881906,2,3,D
580,33.1385690490043,0.3372435046556097,0.5921060963071473,0,0.5367410752044884,5,3,D
581,2.990634563466088,0.15341294750977283,0.0822948356988893,12,0.6851141401291212,6,0,A
582,30.485277580917362,0.28835083792170774,0.006545772577150832,8,0.5385847380572508,3,4,E
583,37.5721896556377,0.3817109920019219,0.040955407080990436,9,0.5087400771915291,2,2,C
584,33.77197681922301,0.3360262305283325,0.05047655026814779,9,0.5743365812368917,1,4,E
585,30.188427206336897,0.1349963808618619,0.2654875465656686,7,0.49926691323757716,8,3,D
586,11.96021192320108,0.47838496544130865,0.4886422808129415,9,0.5732780111963478,5,1,B
587,26.892087447973587,0.3085760289911491,0.02249509702729515,11,0.506963778681401,5,0,A
588,2.114690535168873,0.22261498497457108,0.45590889203349033,11,0.4664661382322853,3,0,A
589,18.05238164760596,0.35777765406453643,0.15911619134869473,14,0.6005165167823079,3,0,A
590,8.910790844947908,0.09218710985031839,0.03896090800885361,14,0.4987135352681315,3,0,A
591,19.577460269804515,0.43103736305034157,0.20609222779977374,4,0.5728030815870366,1,4,E
592,11.772733413947595,0.23891269855867728,0.0514630769905247,4,0.365663164794653,6,3,D
593,11.982085906440185,0.30644065590522274,0.09669366490831603,7,0.39434084394984426,5,0,A
594,30.773775759892796,0.36489302237002275,0.36165217693239643,14,0.5477393773181658,5,2,C
595,36.75963789297322,0.47810953193343675,0.25561113903238947,5,0.37348171354210735,2,2,C
596,7.775041899652144,0.27680245361417705,0.24275505345622617,4,0.5618673317734366,3,0,A
597,36.38676297937898,0.2701127320878799,0.5299359618180115,14,0.435414701144,4,2,C
598,17.70660009321248,0.24480173819739895,0.26244214399107674,6,0.5051118475247417,3,4,E
599,32.80543911213983,0.30688133337529633,0.3602949449890635,2,0.35278324792853477,7,3,D
600,18.569436371502537,0.28097588143869473,0.03474100756029497,3,0.5660059517088403,3,4,E
601,21.38555454933878,0.23099086093820398,0.5679221082838282,3,0.44913093493372,6,3,D
602,26.018032698489428,0.23733074298232137,0.5701420844180468,13,0.6319003620682353,5,1,B
603,31.645474032774786,0.28049578285453564,0.4777888873257024,7,0.417117542614709,5,2,C
604,28.283858640562524,0.3642811282449231,0.09815349047293187,12,0.3829272740492725,4,2,C
605,16.340018801242763,0.33520017206675307,0.057900282967673106,0,0.6324891136133661,5,4,E
606,14.969846486779627,0.3324420858945106,0.11025874380258156,6,0.6826279298098444,5,4,E
607,14.818520372131808,0.15672960207001457,0.5712091916156394,4,0.5377355514995831,1,1,B
608,34.03488665495113,0.28149992887558056,0.40388515456680135,2,0.440577690288087,5,3,D
609,34.1413590933767,0.50672760161192,0.004662695576442344,2,0.5081281354630761,2,4,E
610,31.212579201561777,0.3233211908815447,0.23530109995642026,6,0.5974316104621404,3,4,E
611,31.402819947904867,0.25276172028397254,0.34008757535950856,7,0.5439483320904633,2,2,C
612,23.747725455437035,0.35401506962042795,0.31412722602917503,7,0.6766422335605058,3,1,B
613,33.377080036625294,0.17251043204262617,0.43802893084505284,6,0.5793992583984371,5,4,E
614,24.010642272057705,0.47366586283114415,0.35569386817483345,6,0.44934920982116255,3,2,C
615,8.019626618617695,0.24874623011283922,0.4108891225357026,4,0.5022562283997549,3,3,D
616,23.279331826637605,0.36422741254137514,0.1378412674208149,1,0.6437178751986574,4,4,E
617,2.7733326207429676,0.21926246070123112,0.4322895761071384,3,0.5459442187198101,5,3,D
618,3.1421551261287237,0.37145610674752305,0.21684380445791065,11,0.4668260166495222,3,0,A
619,3.829028512507376,0.20267782955590274,0.17466383503859817,4,0.5372753607822212,2,0,A
620,6.092496751406781,0.30113537943026825,0.10132705896256557,7,0.6726398552871911,5,0,A
621,28.56390733714956,0.43122055114591473,0.21958667277784807,2,0.5933316837633635,4,4,E
622,39.83734306110052,0.1872967440693568,0.561191139381656,12,0.6466201077470118,5,2,C
623,23.595432743382432,0.2714269392955595,0.4904604794004547,4,0.6733965210831498,3,1,B
624,12.867633280030113,0.36296920843356906,0.35753629857052777,9,0.5782625241109471,3,1,B
625,38.83811065386708,0.205910673718756,0.4683857965861895,12,0.3738519940529012,4,2,C
626,31.231169410136044,0.5461695663446207,0.5204728400730361,11,0.5907624141945963,4,2,C
627,36.992648027345595,0.3308129427788501,0.10447260102055142,11,0.42668237335169024,3,2,C
628,13.29109888577936,0.34769867867888515,0.2908548113126966,11,0.5730281325699084,4,0,A
629,4.678920738755747,0.30458366856735025,0.3404563850207523,7,0.5740528549400394,5,1,B
630,12.74335484099284,0.25337904093496444,0.5131018677852656,4,0.38633394760381856,3,3,D
631,38.38454692542784,0.35577032005863385,0.014073362407538648,11,0.43832960464090515,6,2,C
632,36.49073718421421,0.2640543509137548,0.08528516839247233,4,0.4854407010754054,8,4,E
633,30.312413377328838,0.2669645159381571,0.00866346708235739,7,0.3989803170482527,8,3,D
634,28.43690059913853,0.33528776564807117,0.29166483061555787,10,0.41103249009694554,4,2,C
635,8.276754085568964,0.34152456118276703,0.22923931680091147,1,0.435794472997617,2,3,D
636,6.701355736454788,0.3142585364755277,0.3416462542566285,9,0.6102398596226465,2,1,B
637,7.6545230227758365,0.2645171402617975,0.4811415170599617,14,0.521511998951654,4,0,A
638,28.025436209708957,0.3417889769586358,0.572185580273202,11,0.4417905605832425,2,2,C
639,22.349920648537093,0.2979698485125601,0.00534712830100168,6,0.37257205723300535,7,3,D
640,28.906791552252876,0.3560295647537918,0.5525554047583069,1,0.6283127469503866,2,1,B
641,20.34469569099888,0.28830987317685186,0.4472061665714467,12,0.6141169956645302,6,1,B
642,32.97873142584464,0.2707382628972599,0.19852222307865142,6,0.5590313243494878,4,4,E
643,23.005909016582454,0.342580054968968,0.32926866984041187,1,0.42221304678708166,5,3,D
644,39.65440640588468,0.22042338220670887,0.05358680415068804,10,0.6264036038332279,2,4,E
645,26.09055782840964,0.33519280488231523,0.014372712688902922,11,0.537527233982239,2,0,A
646,36.96872692214235,0.4314114402155524,0.35255674283641597,2,0.5651453661310477,2,4,E
647,39.85356043479489,0.31694483674043195,0.5892308073394914,4,0.46576007119083035,1,2,C
648,31.65436290833841,0.40294073623611526,0.4009505080629023,10,0.39307603324876905,3,2,C
649,2.718376008950353,0.2960774990047234,0.11850846697601784,6,0.4133944122996074,6,0,A
650,2.7047427248285905,0.19775230150012382,0.3119103573070841,0,0.43770313612406897,5,3,D
651,10.538875942037283,0.4147512597576635,0.36343220751248795,2,0.39255830902854705,4,3,D
652,22.27018002465712,0.3229511518533005,0.027867997893833207,11,0.6093545426542883,4,0,A
653,15.977123548906885,0.45327262227812426,0.5614550761062037,14,0.6002774685188008,3,1,B
654,19.808847143553688,0.21638707307351435,0.14705897933847123,5,0.5005812231464009,7,3,D
655,6.916644638101205,0.28858002375406355,0.37862844726139516,4,0.6555035531148914,5,1,B
656,8.530144103275422,0.3888752107902492,0.11624346604555862,5,0.6074363956537814,3,0,A
657,17.466429217287093,0.28190577297062264,0.15069107038858742,12,0.38305872308586975,1,0,A
658,23.886113528346694,0.3536319495833631,0.19085997317982648,1,0.38519949935480596,2,3,D
659,3.7667908247388566,0.16812484780908746,0.16308418292279822,14,0.524861232274809,3,0,A
660,23.15283939618495,0.3243783014018123,0.2770626624276835,3,0.5291259418338072,4,4,E
661,10.031319930107884,0.2654841131752757,0.38649066069606985,3,0.5805964061727198,6,3,D
662,23.475450236086807,0.261906021813756,0.5586437287481345,0,0.4193585644297486,1,3,D
663,33.712064512791144,0.3641239591810006,0.2937581256160321,3,0.6714464452575188,5,4,E
664,24.874975620130705,0.21757064715796554,0.10127316362417187,4,0.5371617916211316,6,4,E
665,34.44177423177188,0.2589828333353446,0.5144630527538608,12,0.4127266518026254,2,2,C
666,31.420653975602317,0.3227006962836811,0.2588009762942404,13,0.5952438622081225,2,2,C
667,13.484894656928018,0.4250203910602225,0.42021425757912745,14,0.3808975860320504,5,2,C
668,30.588370032146038,0.0,0.4080310361880786,9,0.6117681013623597,2,4,E
669,18.397823824077516,0.42335524779138045,0.32735860344314577,6,0.4930268598173111,4,2,C
670,6.47253912832831,0.2836302372002613,0.2629995449913261,6,0.5635152044461061,3,0,A
671,2.487054010703268,0.23999514684573822,0.14178095805661908,2,0.5170968905258749,3,0,A
672,38.434164054509964,0.3303026237082297,0.4916294513314495,13,0.6452544178879389,2,2,C
673,17.424853792205422,0.37691859047743076,0.33283388553401333,0,0.5525534645779989,7,3,D
674,16.287401051951253,0.14665643464812633,0.03129656273390286,13,0.5412808834909297,1,0,A
675,36.78439099511547,0.4101907440013697,0.01527419170731763,2,0.5155816303261247,4,4,E
676,22.921245899653076,0.32589378207868586,0.5054760443927047,4,0.4964585597821204,3,3,D
677,15.361786331567993,0.46992652263328005,0.19639677464377445,0,0.5930668954115079,4,1,B
678,17.183270348894414,0.178589204349761,0.22112849602411025,7,0.6786053852433676,3,4,E
679,29.582735464445047,0.17034537475778674,0.5436615330867126,12,0.38892156973033815,4,2,C
680,8.395845388995031,0.27670072090751796,0.030638758665398978,14,0.5864544521541074,2,0,A
681,22.35751184684065,0.4618220775349048,0.08318978277220714,9,0.5520027838253232,5,0,A
682,25.832606422507098,0.2301420402082538,0.14743623860200009,6,0.5988842866401123,5,4,E
683,28.480599009402106,0.21671313761746674,0.5326854881286399,12,0.4138652621940633,3,2,C
684,9.410571796521852,0.25840979816158005,0.14796012169980324,2,0.5896731828803932,1,4,E
685,6.074551367988507,0.3079621752204174,0.4678240710914303,14,0.5527684268540611,5,1,B
686,34.2626776681956,0.17073644109972902,0.048099668294031804,2,0.42567890442954737,4,4,E
687,26.15237124315464,0.35783827396094126,0.41185385330194824,5,0.6574082381385677,5,1,B
688,22.62333743957674,0.22308971926387286,0.5838792396691279,2,0.5161331414382877,6,3,D
689,17.727361482323204,0.23075832604195878,0.116681951985637,10,0.6970567983599336,2,4,E
690,1.922547134231167,0.07948450618065286,0.34364423537456984,2,0.6662598718843915,6,1,B
691,22.97750394391336,0.035658412797290095,0.33891526071296624,3,0.6289137841513239,2,4,E
692,8.818208725978607,0.3998736965212973,0.12992128261558047,12,0.5780433928556787,2,0,A
693,18.513410420214996,0.16912512730934356,0.16017781245769783,8,0.5766643843205045,5,4,E
694,11.367641503461183,0.3409344422512329,0.16031957447829817,6,0.6542439665462754,2,4,E
695,8.18715343195976,0.23826196679401984,0.17903858333271191,4,0.6662788849303442,3,4,E
696,22.352760023686294,0.2980585923425491,0.10928392745481419,11,0.5153282702474331,6,0,A
697,36.80686479076291,0.3798019902860555,0.3889491855586394,4,0.4189543511963346,3,2,C
698,18.653373081052365,0.5070342673878887,0.3734476597974078,14,0.43932400652827086,3,2,C
699,19.28874585768905,0.16505707570139252,0.19684702004595245,1,0.6498122569319524,3,4,E
700,1.648860281075266,0.07781456948953897,0.40416945340972255,3,0.5758792925314988,3,3,D
701,38.89605163424684,0.3806317646590365,0.5606591061249704,7,0.4856086859798186,5,2,C
702,38.48201853732202,0.27179292343471256,0.08677856290499883,5,0.5524239469046153,5,4,E
703,25.610605155955888,0.3955850873472026,0.16918011699126462,11,0.39190652555209654,2,2,C
704,25.344850001001316,0.2828474497922815,0.2738811446875103,13,0.47950543811141927,3,2,C
705,10.11422084266382,0.3889935190048665,0.21232932014910136,1,0.6139770930696775,5,1,B
706,2.3461608109907885,0.13530936210450162,0.3633922513937693,13,0.4595466934468299,7,0,A
707,11.927797754971163,0.3985762846302364,0.17241404311336156,1,0.38160769119385607,2,3,D
708,6.202159511232422,0.3125351325009693,0.3229756900105476,11,0.5828269498312961,3,0,A
709,15.660587431245668,0.2846077980919302,0.4237953755358804,2,0.6293739132438569,4,1,B
710,15.809997440685708,0.30959428602604694,0.373717218352987,12,0.6217641910219733,5,1,B
711,31.6358867899681,0.39436800216537277,0.03201912660588404,8,0.6254413914020419,4,4,E
712,12.807461194441325,0.3498567048918514,0.21945301714712542,0,0.36388317386671604,2,3,D
713,13.36084891462414,0.32331355904322895,0.01765520206982536,0,0.6545387269087177,2,4,E
714,21.294811775719243,0.2028350005385925,0.30710618289372876,13,0.36123088308135953,3,2,C
715,21.341458186206637,0.23563530778321332,0.2952379678404905,0,0.36156020054787336,8,3,D
716,34.497947754725644,0.512910767598032,0.5858765844760302,5,0.45339359864997236,6,2,C
717,6.409449231813538,0.1658958972546489,0.18776229584985646,9,0.5566170351966546,4,0,A
718,7.687152689328028,0.15009676525095655,0.4553526702388282,3,0.49494097284227023,2,3,D
719,9.981504048742108,0.16335020512085846,0.3888414677063597,7,0.37496075642316634,4,3,D
720,28.596621597929868,0.25655388302020693,0.37566843002802197,3,0.4640373272329706,3,3,D
721,38.082488337810126,0.0,0.5925846061833169,4,0.39624482135432737,6,3,D
722,17.26745830381405,0.14083030600677465,0.3910276115936033,5,0.4900334368294861,2,3,D
723,22.78987068390488,0.36360392558302645,0.5265696842662978,11,0.3725556091478107,4,2,C
724,26.770670735704513,0.18229082808201164,0.22839983505455905,6,0.6165957758859156,8,4,E
725,7.394972449464339,0.19192499458494164,0.52925551685088,7,0.5676649785826298,2,1,B
726,26.61923681215719,0.12386250148336447,0.3267572989394352,2,0.358929814207782,8,3,D
727,3.8939964480201477,0.44822475212788004,0.09753614688633212,12,0.5721244272279041,4,0,A
728,6.839544577135329,0.4216882231249609,0.053419376892228865,3,0.5944628632766766,4,0,A
729,20.287124135845897,0.3026218996609034,0.44946239603401916,1,0.5705299633161893,7,3,D
730,36.482989439941214,0.30371702727116134,0.3882515958519931,8,0.37352864818864057,6,2,C
731,17.245325552464017,0.4563736745057142,0.374673172876661,6,0.5838210103789422,8,1,B
732,10.332300685120128,0.0770632734176831,0.41809868288728297,14,0.4657387442912066,6,0,A
733,3.7896401828173176,0.35580081728306934,0.15530153934457902,4,0.3978264380903077,2,0,A
734,14.822977382954956,0.4455067708181777,0.03538469979886092,3,0.6590480572015318,3,4,E
735,9.859299485761627,0.3705833439694201,0.049531759486231716,14,0.4632618677026666,5,0,A
736,16.620596026866224,0.32493464733834165,0.46273712982625537,3,0.4664829003282185,5,3,D
737,15.963642247559335,0.28598103324821356,0.30603967531270115,5,0.5284882609936234,8,3,D
738,39.85547237047863,0.3661919106714733,0.07732680238455271,2,0.6689138595292666,7,4,E
739,25.27076482033983,0.05755001139049526,0.35051875247963965,12,0.4317092215595314,6,2,C
740,24.210786977809292,0.2448817953954826,0.3007095851101712,6,0.6098500910048109,2,4,E
741,17.152093059400958,0.10438948554083294,0.13725275548047625,6,0.48608800844886946,1,4,E
742,39.73780640584532,0.2866569206276239,0.5930715755747031,14,0.6681897990827556,5,2,C
743,10.22804007790059,0.3455063664106864,0.5947747234863139,10,0.504570539960468,3,1,B
744,15.261282035758423,0.2987054823524549,0.5684050988756482,10,0.6714563146534029,2,1,B
745,19.806086625093947,0.35193248677666994,0.46006827480864804,2,0.4293648292254489,8,3,D
746,4.182270490565864,0.31621477922921115,0.11856606332577951,0,0.5467090211946397,2,4,E
747,28.141506032423745,0.2604985518477312,0.2422546951305026,9,0.6417951322987647,4,4,E
748,4.959311257377823,0.11824811610577546,0.433041495184726,5,0.3500366886306103,5,3,D
749,3.729988972436469,0.41350955762411834,0.3645068366053061,9,0.6766223343236806,4,1,B
750,12.571783395497361,0.3738654166587601,0.5904417351205467,11,0.6344067946158799,3,1,B
751,25.5190140194392,0.1807534824656178,0.4661254891957507,2,0.3645877436642717,5,3,D
752,32.454597714480286,0.2110615778272108,0.4236433134331401,0,0.39067438283449907,5,3,D
753,37.995932484947545,0.3827123872565664,0.38331253760021294,13,0.6108300372919568,2,2,C
754,1.3753953479169283,0.3310729082473124,0.006817544245044926,13,0.5785078082353142,4,0,A
755,15.191380185276792,0.39291360035202066,0.2883786987656936,1,0.4766865624925851,5,3,D
756,31.872936123463283,0.29680757012522674,0.13911992853695457,6,0.5232747357270657,5,4,E
757,27.827228549549492,0.13546876816982492,0.042685186919809555,10,0.5310798461067661,3,4,E
758,24.724759199743534,0.4543399588615517,0.3726435171121145,14,0.5114996650984045,5,2,C
759,28.22110010267863,0.22511434762064325,0.3845282990328483,4,0.4042218056400167,7,3,D
760,25.080287779656892,0.23763167960529122,0.0871137221363797,8,0.5092623378287116,4,4,E
761,29.304665971501226,0.24012743379619816,0.2497444003760169,5,0.5239304632275932,8,3,D
762,21.665664643558635,0.23372325351350082,0.41393248034467356,8,0.4144869711256639,4,2,C
763,27.1642107954648,0.23155260226827673,0.08325662875794704,11,0.4570639486711368,5,0,A
764,34.41262061897102,0.43750819850570477,0.5767910714736797,11,0.49407281338742204,3,2,C
765,8.919253230449227,0.04175034847181114,0.0022980956695465514,2,0.49899447482993475,3,4,E
766,8.715809388025516,0.30461944598038426,0.1433607834448218,12,0.3992430725643759,7,0,A
767,15.356608225126282,0.22750656161503136,0.19423266656991514,14,0.440960447314129,3,0,A
768,14.235400150106683,0.14574142046826183,0.4020561975793864,3,0.39463586437619114,7,3,D
769,14.729171463944295,0.19728594071196986,0.31043210442398705,10,0.6783684984902164,6,1,B
770,13.222644023941916,0.219431661829301,0.03588792062645609,11,0.5194267793292205,6,0,A
771,27.192751728833617,0.3971650268243282,0.29010357960239047,13,0.41714919171390497,3,2,C
772,21.080390957251165,0.2856977926045696,0.5346263530618237,12,0.5768828934261913,4,1,B
773,7.708544873032422,0.258707324531083,0.08176595553358953,6,0.5098648070447731,3,0,A
774,24.69972675389032,0.4277743063940948,0.24915823823807784,11,0.35334517981495916,3,2,C
775,12.634946102873698,0.1779858547706824,0.2739100648769894,0,0.6998713303660906,7,4,E
776,35.31394027756038,0.20664413397627251,0.32217981537979057,12,0.431191571535532,7,2,C
777,29.079959904814913,0.323485622214777,0.22897342017547984,6,0.42688462231709223,2,2,C
778,31.14555562524224,0.33015153445176326,0.20696342905543644,0,0.47589896709248986,5,3,D
779,24.263512488144922,0.33426290161735117,0.21464298089820308,1,0.5153999084870781,2,4,E
780,34.76324197678495,0.2709886003867731,0.48164610159050153,10,0.46187010783602866,6,2,C
781,6.773618811493983,0.34571400564869226,0.14407695608292165,14,0.6050203530318707,3,0,A
782,12.87971824505259,0.6,0.1789535569985004,6,0.5805304421711786,4,1,B
783,3.837151053967312,0.27532243273868084,0.26790324851807146,0,0.43228648634463046,5,3,D
784,12.114455440318833,0.26611664773886057,0.5306628842953438,2,0.6756718345034265,2,1,B
785,30.115056983792346,0.10022108734098548,0.19475958355668224,11,0.39424914519845455,2,2,C
786,29.63545010402185,0.4005078751463818,0.43690530304675723,11,0.4210016452388802,6,2,C
787,8.067841812221356,0.18282786401212026,0.5106785876181139,11,0.6752876954526587,5,1,B
788,2.6076427635108965,0.32652843539491927,0.3885616346742922,11,0.603683209111164,3,1,B
789,6.537303651006161,0.3269935441849281,0.4536169250996235,14,0.5268494886211982,3,0,A
790,14.815203978027002,0.1860840640104472,0.46252900738168107,11,0.575031719789723,2,1,B
791,32.01454844956089,0.4177561696605303,0.5294252164993086,5,0.6003887856376746,3,1,B
792,14.920116770325194,0.4324619089522207,0.2101633349316329,2,0.624355712551498,2,1,B
793,28.02731610188278,0.17226965000725059,0.44263461308741875,5,0.5808400404078974,4,4,E
794,4.0088655613593485,0.28048068180825303,0.2710996642731793,13,0.4838294763323578,2,0,A
795,32.11995379965468,0.2839766309558096,0.5701294721942556,13,0.61633112316233,2,2,C
796,22.58744046229632,0.4550579796563182,0.4556434133097847,13,0.4968815245444106,3,2,C
797,31.10146782033068,0.3659448505726368,0.3734422578876517,11,0.4801202502851875,2,2,C
798,33.19075669706468,0.23950321815486758,0.13398556605387463,0,0.4043801293372664,5,3,D
799,4.821059576921259,0.13003120596649906,0.40332168812322733,0,0.652427278956661,3,1,B
800,13.390860007917556,0.31968758548645854,0.12789384028559322,14,0.5374998551538324,3,0,A
801,19.896949341576764,0.18010171896115837,0.2816280577206935,13,0.538307595806504,4,0,A
802,31.224712359827492,0.3941234406570284,0.26792533284820225,13,0.44115432307631425,7,2,C
803,32.7175050757903,0.1491289221324658,0.04004960153412083,11,0.661501413690663,6,4,E
804,7.86436768100704,0.22083934117065612,0.1668419245719071,3,0.36101728273472267,3,3,D
805,8.233270724096162,0.2545552310419128,0.1998940565834907,8,0.37860042744623723,7,3,D
806,27.731263123491914,0.13834205316487305,0.048356076377758496,3,0.629958499881176,2,4,E
807,25.402276803828055,0.25972908511776255,0.5393883516634721,2,0.5223250132297589,5,3,D
808,12.410325235002349,0.4579250310196015,0.4447992226303461,11,0.49287108399694124,4,1,B
809,31.184546621089396,0.25638607195589247,0.04170162138378437,11,0.46175483104260373,5,2,C
810,12.507178003494579,0.058999866723553424,0.3408413605213657,9,0.43404713908462633,5,3,D
811,34.86420645030654,0.3533108358252247,0.24981722215566282,2,0.6983710285912692,5,4,E
812,19.001397773246072,0.3549584158764704,0.29705663823299727,1,0.4634913313231157,8,3,D
813,35.82086207866206,0.4053916327530517,0.46768899909550066,11,0.4431077339346873,3,2,C
814,22.62094570077275,0.33922518164940774,0.5045608302439514,5,0.6805971193631756,5,1,B
815,13.644169119658992,0.2520584014117906,0.13787189882675044,14,0.49828786818543847,7,0,A
816,14.002633750588314,0.2348748507175879,0.27957536986797743,9,0.3566475788381504,4,0,A
817,3.960096953713743,0.3146413591766767,0.45120948035295594,10,0.42223288350297655,5,0,A
818,10.948258912404558,0.3035648771183638,0.3036957671674654,4,0.6959150362916708,5,1,B
819,4.633748828041124,0.23963707098464185,0.06682911950828636,13,0.6070327420381716,3,0,A
820,33.252276012889375,0.3775332873025605,0.3853982490475066,10,0.6020477025889661,5,2,C
821,16.940228403456942,0.3747417452771342,0.07989373654754796,9,0.574834828897896,8,0,A
822,33.992424828488,0.02651212242163803,0.19946779345967403,10,0.3949938508468329,5,2,C
823,13.893079315090455,0.14266260509097103,0.5664548951479242,8,0.4487247865372892,7,3,D
824,26.074927384230513,0.3419664940304098,0.5080322778882236,4,0.5843798606380339,4,1,B
825,5.125927350577586,0.29126001470167195,0.3478678373683524,12,0.6392882859656994,2,1,B
826,23.50832527997165,0.4246280908141124,0.5926916489484111,9,0.6523586938998618,5,1,B
827,2.8322080735236472,0.2763826785028047,0.23971369182726027,14,0.44599948116135546,2,0,A
828,23.32259518663403,0.30412819977892375,0.06725260114364719,13,0.4941710513559633,6,0,A
829,2.1154674876652018,0.12946277492280184,0.21693491647622828,6,0.5586726373178382,7,3,D
830,9.031756461315762,0.23111373580333555,0.3601148477991378,6,0.6043622201655258,2,1,B
831,9.370805938040911,0.15361603459951914,0.37192844675492615,6,0.6624603192731926,8,1,B
832,29.32887421039301,0.443023558790249,0.5286290736882894,13,0.3675862084325098,3,2,C
833,20.02496999548833,0.24850897428689334,0.16718318430749732,4,0.5749235785187101,5,4,E
834,31.00963971596553,0.31132836346923,0.018541996901727663,14,0.4777970125322992,5,2,C
835,27.482063039119353,0.313006878144562,0.19922344093669475,8,0.4668722779179044,6,2,C
836,16.241441496996373,0.3912854078774019,0.5176242696807348,3,0.54243452460394,6,1,B
837,3.942930628013192,0.18211281406544136,0.09230795484801765,1,0.4521976128583822,2,0,A
838,34.09934579045072,0.36201625166869866,0.15943976183120853,3,0.46271790311390665,7,3,D
839,32.31289193863118,0.47871666085573444,0.027108976191086296,13,0.576428093604075,2,2,C
840,32.60484500762496,0.39486459115504713,0.5572255299570913,12,0.5440975156513036,5,2,C
841,12.982457287053174,0.3406841874726947,0.36123450742054464,10,0.4644415777049205,4,0,A
842,39.54277743773377,0.3173874416770999,0.2964549957449377,8,0.5259474645056487,5,2,C
843,18.37112250714735,0.38884582163946446,0.5557958952072253,7,0.5457109687159514,3,1,B
844,23.89077465131795,0.3532328104887472,0.5513015334381594,0,0.6223064116661852,7,1,B
845,10.343728063509575,0.24728918488387575,0.0570887258523739,5,0.6817110008043887,4,4,E
846,11.81722201972003,0.3059730428737636,0.31048018249797915,7,0.5070604011481729,7,3,D
847,14.090676688143741,0.11058981582605781,0.4418858129644283,14,0.6467553599211686,5,1,B
848,33.34568467647447,0.3750888650660765,0.5715716984090294,11,0.46007871836242786,2,2,C
849,1.0201656426261765,0.28913073800679745,0.11730619301498803,13,0.5855972598415569,4,0,A
850,7.836962548544218,0.18512211953382496,0.5390267163746022,13,0.4274268091870198,2,0,A
851,24.11636128358012,0.17387813143124217,0.00953056225363087,0,0.42191770870180645,2,4,E
852,6.736604979967083,0.2152411073126072,0.45005892107058315,3,0.470803140008064,5,3,D
853,6.097904806870883,0.27141384057342655,0.4093797916999659,12,0.6240682103814541,2,1,B
854,6.776789728025808,0.24567675807019235,0.4784271205168327,1,0.6990478575931314,5,1,B
855,9.058083744724678,0.38353616933889423,0.24633596937316948,5,0.595371988425052,5,1,B
856,15.27860485543657,0.12210492465998157,0.11770774365985796,2,0.690206892825397,5,4,E
857,16.000806786438943,0.29382149364564497,0.510186789064759,6,0.53196949185544,4,1,B
858,19.8087731327229,0.4703868464032847,0.3866634886205663,7,0.6316120373567022,6,1,B
859,11.773978060747007,0.3043702888556041,0.30100160775264945,13,0.43194643590758114,4,0,A
860,21.407046469761834,0.3998833177143859,0.08720390597040743,0,0.5854491228619696,2,4,E
861,31.83830786953502,0.5496859578517137,0.40941515362161074,13,0.5565890581654611,2,2,C
862,14.80289047551128,0.3629686751769109,0.00173566200874673,12,0.3835858046099127,5,0,A
863,34.96038366664662,0.3714833640441253,0.2181697676317326,12,0.5676564167852644,2,2,C
864,11.415350480675244,0.32380601555551125,0.11066389252906335,4,0.537197256498481,5,0,A
865,30.125798958757883,0.39925308957851713,0.5247972333103142,14,0.6148986754959507,4,2,C
866,14.057784870176157,0.14558149072164228,0.49460923339342105,7,0.5978217977744236,8,3,D
867,3.5199619928892227,0.5370037141515642,0.36444708757967126,5,0.44885844862656166,1,0,A
868,31.935958264299064,0.30785372213271583,0.3594348565373113,14,0.4596482381756516,7,2,C
869,29.802664907556046,0.22454830730016923,0.5816728351883934,2,0.6682369508958557,4,1,B
870,31.15178631978455,0.3572015018020797,0.5221612529167741,3,0.5868365842924865,3,1,B
871,5.426051717311082,0.3635155250115478,0.2928786447759457,14,0.457821994104556,2,0,A
872,9.509388954151078,0.4406904253166314,0.31933415725147124,5,0.6494034029872877,4,1,B
873,25.745727117118744,0.2933329325017229,0.031205783701211853,12,0.36114840102974755,5,0,A
874,9.436654883155935,0.35404912005541755,0.5353251099906982,7,0.38076952598335806,2,3,D
875,33.016052348517604,0.2994659745002548,0.39208566178990756,10,0.6037194891031128,5,2,C
876,20.176689160454835,0.32116578730631706,0.0973109569857659,10,0.45222883874331166,4,0,A
877,11.171743965486938,0.465860580302066,0.44468976153517387,13,0.6718623336763011,4,1,B
878,34.471615378670485,0.2765445815005222,0.46295003888109104,0,0.4023653963540501,6,3,D
879,29.465641957322887,0.4479485727983008,0.3871708870124183,3,0.3872810209185057,6,3,D
880,37.0984335930843,0.3352904346331475,0.5406996879258897,10,0.4274605073002754,6,2,C
881,25.353014471742295,0.3227806894172387,0.5511403218319333,1,0.39332660211115533,8,3,D
882,8.103917546684336,0.1805901399182153,0.024738474232931917,10,0.6948980287518327,2,0,A
883,30.207819439823897,0.06587829962690026,0.1370960270588826,10,0.521163947022137,5,4,E
884,39.73362455565235,0.3972991825399364,0.40904359366956405,2,0.622350342373168,3,4,E
885,32.28765620089076,0.4214459957924339,0.2747792356365583,4,0.5373593382968989,4,2,C
886,28.09513024984192,0.25877137335166567,0.16444411977295573,14,0.6683710450592837,3,4,E
887,32.28302580939263,0.14004104856572802,0.4598621197882114,9,0.6147568010752215,2,4,E
888,9.136735225371414,0.22607021853188713,0.14457348107345974,8,0.5681194937649692,5,0,A
889,38.364334181811266,0.38840324270719584,0.21667268610665988,8,0.6385490205974157,5,4,E
890,13.966926075265143,0.2484961852115846,0.3682164345468123,1,0.49564234742986607,1,3,D
891,34.1516214186088,0.258496589924777,0.34825886532737044,4,0.4450649511758856,6,3,D
892,5.587020256670874,0.3230349996504083,0.4280265459894654,13,0.426932654570077,4,0,A
893,29.749394199463037,0.010387620758417704,0.16844575610084772,6,0.6920170020714912,4,4,E
894,17.05034554156473,0.2717150039876956,0.44505296929109356,9,0.5751495632180167,4,1,B
895,11.01677759103169,0.2745450810851559,0.2086112855339487,14,0.5556662809204211,5,0,A
896,27.01249349433233,0.3880819404777578,0.4053196951412983,10,0.4141943846208209,5,2,C
897,2.3836086868998825,0.3945965814872809,0.24043045656250084,11,0.5004124008520984,2,0,A
898,18.615860771225634,0.3634679911742202,0.07711139597297952,12,0.5797107486927205,3,0,A
899,3.1785224835130617,0.3257705901515967,0.4460644514765654,2,0.45829369950598386,6,3,D
900,37.21348171099756,0.31662885202313645,0.5718102139410912,6,0.37509389952046124,1,2,C
901,14.264792829292345,0.34945191988077706,0.010795477438096501,3,0.6057279930067907,2,4,E
902,2.2825418247388787,0.40408095846101666,0.12210257594407992,10,0.48273607276955766,4,0,A
903,27.694563427763626,0.4255441923912916,0.3702806566403888,0,0.35731978196566383,3,3,D
904,8.465342321577968,0.37613142944288186,0.39180157881008526,10,0.572911123169283,2,1,B
905,16.729243527125554,0.07645291854344344,0.5945615771347251,9,0.39763773307239597,1,2,C
906,3.4472805662544936,0.44878384914892755,0.4365993889975526,8,0.6842551905345391,7,1,B
907,19.7381941965294,0.2371684129161954,0.46019061070551853,1,0.6437251006567419,4,1,B
908,34.10778943809369,0.42804000989500135,0.40703092319951684,5,0.4488461222891201,1,2,C
909,7.31148743495381,0.280638652189839,0.2970175340533953,14,0.4982819667915606,3,0,A
910,12.913685978265336,0.2372976780212003,0.09493589684726608,0,0.64382181215359,2,4,E
911,5.678044552803255,0.21625178354816682,0.010395938366689039,5,0.6526589830223976,2,4,E
912,15.727123388238066,0.3987743460034351,0.12228287029773521,4,0.5025437205208392,1,0,A
913,19.822047619468826,0.5557553847132115,0.029237556840974486,13,0.47399009839673034,2,0,A
914,11.567512479480651,0.22241739341994402,0.1383881639530101,9,0.502330129345997,4,0,A
915,4.56573601195295,0.5199123740634899,0.4228156900516559,10,0.3585359960052827,4,0,A
916,15.862929246047756,0.29716505461503756,0.04156871594449569,2,0.5479830120728698,5,4,E
917,10.421976750153078,0.20860426906951746,0.5110343730245499,3,0.5936294985834637,5,1,B
918,30.577807009988007,0.3016598705470403,0.28824784191875363,3,0.4811466577116701,2,4,E
919,2.534683864700434,0.3709661593315966,0.21925913769424557,10,0.3799291289723555,5,0,A
920,33.52441670087631,0.2419539044270456,0.5488883118400198,7,0.5688766283330187,6,2,C
921,39.84240439959649,0.35052098024452005,0.019719921504819538,2,0.6017312358507656,5,4,E
922,13.356466138691493,0.18057297727227178,0.5033405915240831,5,0.4717577543964676,7,3,D
923,29.381524550087484,0.1885891628827722,0.5121869761729401,7,0.5732155327034147,2,2,C
924,34.555468273694416,0.2829674247968441,0.5482117521484117,10,0.3817598394946486,4,2,C
925,18.519163505584384,0.2520425256227346,0.3554886535211485,2,0.6319581737019099,3,4,E
926,25.478689803292763,0.3006685022149873,0.10047642872325813,1,0.4298153241652133,7,3,D
927,23.977249948228838,0.2889416020328582,0.4641221692356245,3,0.6065454931475207,5,1,B
928,2.755631856542945,0.3232441954447421,0.07672910535893844,0,0.5432942320588455,8,3,D
929,37.39692561698023,0.3037150918574015,0.47392655148368684,11,0.46164755232072496,4,2,C
930,26.13569895131742,0.1638160612831339,0.44850462838404886,7,0.6315897456504713,6,1,B
931,26.782248779045123,0.2718661262101043,0.21667297947676528,5,0.43544557016310165,3,2,C
932,23.136604293472637,0.23794535586779011,0.48356012045570806,9,0.43186632335456854,3,2,C
933,34.53186332539729,0.3162098677746246,0.3316264753132455,10,0.39099286851213805,3,2,C
934,7.6170176492449375,0.43524573598071936,0.27974865392850884,13,0.45671970123886907,1,0,A
935,37.77638344479545,0.24222019351393884,0.568706756899899,3,0.5868918099626645,3,2,C
936,21.947866129478705,0.5177275900907604,0.4219388085544364,5,0.650907689815369,2,1,B
937,2.19868965314239,0.4809255010357422,0.36926254438365363,12,0.37237582522959656,8,0,A
938,17.21995068082878,0.352974934930497,0.3685967026072919,0,0.5487001108013081,6,3,D
939,18.937361392704464,0.2830782933880333,0.5582391718453542,9,0.5443242481021857,5,1,B
940,3.132868311123076,0.4323856058107369,0.5975131762253204,14,0.49990492932847996,7,1,B
941,29.84065658007176,0.42704718108899953,0.021904184351143295,12,0.4410263763533775,5,2,C
942,22.32158606610861,0.38071577440945165,0.36629325712442135,12,0.6643344496083851,5,1,B
943,32.024519443440404,0.271947486198143,0.5432372684597037,4,0.6945991825986547,5,1,B
944,27.13348439062167,0.3657299602643851,0.4542280077097542,8,0.6979350511537172,4,1,B
945,9.95739700404782,0.18972221762439068,0.2764847319681167,4,0.6184650833838956,4,4,E
946,32.94171293505545,0.19598591360136586,0.4590326845460961,9,0.4453885802614912,6,2,C
947,3.0510693512273845,0.23944954809246985,0.2115503543279167,6,0.4664902589335568,2,0,A
948,25.07944722188584,0.21825300382061508,0.4390991309372556,9,0.6936811653143219,5,1,B
949,14.477042571902265,0.2818726773826665,0.311718797422895,10,0.6911183339449609,8,1,B
950,3.1829286692032266,0.28812563579561873,0.33343570137274303,6,0.6226225662288192,4,1,B
951,19.267667506853776,0.30234962340313354,0.3407244062655142,9,0.4868712224498092,2,2,C
952,2.214845538065746,0.3516557967072013,0.28549156124264546,6,0.607060969966424,3,1,B
953,31.844751007790535,0.34917670676223983,0.21267105663707778,9,0.6056253787487329,5,4,E
954,6.090020723273048,0.39181356410098594,0.27298645185756126,4,0.6824363823923671,4,1,B
955,21.066869360144256,0.3815758934908499,0.19687357115827053,6,0.3807597424571151,1,2,C
956,6.739276330732043,0.3333095554490219,0.19039511935546496,9,0.6366985627987549,2,0,A
957,10.744708226924871,0.3217348565963977,0.4102117597959929,8,0.6197432404552069,2,1,B
958,38.44854493143027,0.30827483293121993,0.3005002804612031,8,0.6666314411147745,6,4,E
959,29.816063611544923,0.34600544637439923,0.01025578055553118,9,0.5440189619057629,5,4,E
960,9.260090712228916,0.11048605301520695,0.26877385239993407,3,0.6901706567740988,5,4,E
961,18.90237905839129,0.450611687509894,0.5103510080389826,13,0.47173739233813744,3,2,C
962,27.15455312032099,0.2578474529697022,0.10712491643753508,13,0.6673467367303154,5,4,E
963,18.285500649611787,0.30860088636828986,0.15157459291931935,12,0.39552669365124277,5,0,A
964,7.108116677767204,0.47019837554693533,0.5176579107474557,11,0.538781659984976,5,1,B
965,18.244557956615033,0.32520492931588973,0.32439026152337114,4,0.5135112651805771,3,3,D
966,30.403438861559962,0.45476969196388844,0.5580735426051042,7,0.5760490607991113,5,1,B
967,17.18775591201609,0.37571115606413885,0.4297458959766077,4,0.5453624268776286,1,1,B
968,13.840766177353418,0.4113217513409165,0.2863155843403348,1,0.46247420006780876,2,3,D
969,29.571351023982224,0.30089335190326305,0.18738025016552298,8,0.4176270092425577,5,2,C
970,32.91100772660867,0.46283614114438093,0.01193816402971255,4,0.38405457683194627,2,2,C
971,29.37317698357969,0.32577914798927526,0.432650235330722,11,0.6116091819705018,5,2,C
972,38.313807726024244,0.30508905051771285,0.37536932158525443,14,0.6479085183832569,5,2,C
973,30.023409344123735,0.17313130981164523,0.3505220698088689,9,0.5223667384120508,3,2,C
974,19.426304763870842,0.25894121118685964,0.412728255772742,9,0.6970324000662554,8,1,B
975,38.744521780019255,0.3313095593552529,0.027031464074983868,5,0.3707347673599651,5,2,C
976,35.56770401086075,0.22970376541539533,0.10158216393529669,2,0.439514138804538,3,4,E
977,31.341564944689424,0.34704222894765063,0.403068868628592,11,0.599290531884151,5,2,C
978,30.225967509197343,0.3547324804285359,0.3136240104763845,1,0.40362524813380385,2,3,D
979,11.934742730058321,0.4244273907551646,0.2516157333015665,5,0.6864865227812347,6,1,B
980,29.054180334054855,0.3771054592969646,0.05238123924079221,3,0.4500419510614056,8,3,D
981,8.000293759285285,0.30150005459625784,0.2330776955632273,2,0.6582525786319084,5,1,B
982,23.789865712695175,0.26463896173329254,0.47213032153244316,4,0.5545325939261041,7,3,D
983,24.581462873304137,0.48219209807536334,0.48506398245565735,8,0.6811820603774454,5,1,B
984,26.190518717618076,0.2158190813730143,0.38151974125817495,5,0.6215141393639596,3,4,E
985,12.504839941687932,0.2868165855322736,0.3065120839110471,5,0.48375216154465733,5,3,D
986,20.3341330328132,0.2751486884158748,0.38850143216915356,10,0.6843114584637289,6,1,B
987,13.79620339551814,0.28047932444076507,0.5769028300767464,3,0.3988755910779782,5,3,D
988,3.662732806056283,0.25005192618815086,0.47378076384486806,2,0.3886417760782948,3,3,D
989,14.202909140323232,0.24067518752086736,0.3224016936466061,6,0.6690662508361993,4,1,B
990,3.8354795129256805,0.377549076620845,0.1408602965192307,14,0.47385672656376476,5,0,A
991,19.732094372545504,0.23556406433044652,0.12151296916201919,2,0.405024412193175,6,3,D
992,4.862655139861432,0.10282516473475606,0.12300105683148503,14,0.3866320279509772,3,0,A
993,29.938568409361544,0.2714791126918118,0.29225189830922643,7,0.48026506627057736,4,2,C
994,11.837098813057876,0.0,0.19005673640513124,9,0.6297434523880701,6,4,E
995,16.508113388462064,0.2840676755025677,0.5876373678318842,8,0.5971360028037014,6,1,B
996,25.094882336421463,0.2451589368407603,0.49508264466415275,13,0.6455285232645865,5,1,B
997,9.524941809260573,0.4358753569995598,0.4936381864665672,4,0.6262133131778992,6,1,B
998,2.5711520756145405,0.2282005657101585,0.3495129703963834,1,0.458657482665358,8,3,D
999,15.627591682191698,0.13402100053109578,0.401354616055935,6,0.36916512198839757,2,3,D
