,U_value,SHGC_value,WWR_value,Window_Num,SC_value,Climate_Zone,Cluster,Energy_Rating
0,2.123353068682089,0.2347433183945249,0.4896982871542894,11,0.4961518690442458,8,1,B
1,1.981523557425759,0.32549278712857743,0.4674860342302866,17,0.5699174636339415,6,2,C
2,4.830145242494725,0.6333322412447722,0.5696826166471595,4,0.2687699333860585,3,0,A
3,3.1168250042776604,0.7306553907475659,0.5996594864725024,16,0.7787148956638902,7,0,A
4,4.534847411584701,0.4164962542869499,0.47857056743221776,17,0.2779618631913137,7,1,B
5,2.8310322926767246,0.2113462408571056,0.4454461965514374,8,0.8975674052042194,8,1,B
6,4.150219120626453,0.23935756398572583,0.4765360124916181,12,0.5853149125504798,6,1,B
7,4.402815168972661,0.6435829294844401,0.315479074433305,16,0.3546606575023865,5,0,A
8,4.8311420562177805,0.6174426118655431,0.36552597128376213,17,0.5940926444339826,8,2,C
9,1.7085125504739578,0.6050497270174531,0.47890468008637704,8,0.16701372659110714,1,4,E
10,3.928736271403601,0.7644746969926861,0.49105459442066623,4,0.9315945679803446,3,0,A
11,1.7171939778211427,0.2778267433718837,0.41370123299666856,19,0.232988314180059,3,3,D
12,2.213836282664901,0.5397612927371979,0.2706141556157835,14,0.6193363264518394,8,2,C
13,2.016630934424453,0.6813121798247426,0.29710060016722456,6,0.6332720737765928,4,4,E
14,4.443614872029186,0.6405552544182413,0.2305010271582631,14,0.6594965735430066,5,0,A
15,4.929626476193915,0.7497295277660256,0.1984941503646915,13,0.23564246650519433,7,2,C
16,2.408683400221127,0.3461327259377317,0.1661107208923274,15,0.2891297053773437,6,2,C
17,4.034909364622576,0.575886944990692,0.56558391782661,2,0.4906005043906718,2,0,A
18,4.027753721016481,0.4661619643366473,0.5709691189773652,7,0.6815888525224006,7,1,B
19,2.1653637962523824,0.4110649727005484,0.42805423852891583,8,0.8701217232508,5,3,D
20,4.566491488283592,0.4995767874065847,0.24819384645993006,19,0.36497870253207587,2,0,A
21,4.430839019416614,0.5827015303598828,0.48730251814520315,5,0.7196199570396766,6,1,B
22,1.1928396671817336,0.5984483837977025,0.5631647715666338,2,0.8889633301267031,8,4,E
23,4.709315325980926,0.7932886279474254,0.29724776397994823,16,0.5365254309490946,7,0,A
24,1.1491056178695986,0.5622697635237037,0.5200417761975981,7,0.24663265146123045,4,4,E
25,4.585781314888682,0.25871863108132914,0.10098056013056467,13,0.25960109590777963,7,1,B
26,4.473140485997568,0.22722113964252483,0.22177886442453434,2,0.8592510833990099,2,1,B
27,4.771372259574536,0.47094325799680115,0.014782566975949506,2,0.2359330049738486,7,1,B
28,3.488101144756736,0.45793956214612624,0.13189902086078423,12,0.11630977921674557,7,2,C
29,1.0200530337025158,0.6616310525993083,0.3809993293389378,10,0.47460756355549394,4,4,E
30,3.9634506883901732,0.2464938909900929,0.13010555249427455,9,0.5573659900543291,7,1,B
31,1.8193217636809664,0.582298913844218,0.44756003349825957,13,0.14771625639141825,1,3,D
32,4.289173930996107,0.3695417154766805,0.045283867189977456,9,0.1268575462155323,7,1,B
33,4.2719557166517745,0.5263028816501177,0.3957553070939681,19,0.2601519380488783,5,0,A
34,1.623633075264439,0.7377429573209002,0.09722083682323512,9,0.7712150182765568,6,4,E
35,3.3045874783336506,0.7875674543773314,0.51064593762263,9,0.20446491547862952,4,4,E
36,3.100288455088165,0.34152910267067427,0.06358254560967577,14,0.32812850952774103,1,3,D
37,2.2371664639206053,0.39008457088865645,0.32357480740736233,17,0.4334603425478971,7,2,C
38,4.816969651864024,0.4374502523053613,0.5077550176920409,1,0.7849897376943262,1,0,A
39,4.759757922068186,0.6473491864071952,0.5033711460992116,15,0.7399331907438829,3,0,A
40,3.8972372561065844,0.6026204502342996,0.48604847553876285,10,0.7535423852285357,2,0,A
41,1.2361213051665834,0.5402210989069739,0.15073278198129783,10,0.10404408618334768,3,4,E
42,1.8085785314288305,0.5053979437257738,0.22863555777412597,2,0.9636378861289142,5,4,E
43,2.8079735758335835,0.6734030620767739,0.2780792521744028,3,0.9957578780525181,7,4,E
44,2.1416020509144342,0.3248430306993374,0.4917797240995776,3,0.9517261758724532,2,3,D
45,4.417832749365026,0.30826522901655945,0.46700810185914754,9,0.29690392178208425,6,1,B
46,4.680208777898859,0.6211954004164152,0.3014759630359661,5,0.3665861365377232,6,1,B
47,4.1794496868519175,0.6620575884754685,0.11902461638731782,17,0.269273140635063,7,2,C
48,4.511524782752786,0.36632063303008305,0.5913943519289043,4,0.21773867530139585,8,1,B
49,3.318047631982576,0.6064787422628514,0.06046280200375795,7,0.7543854072802803,2,4,E
50,4.495056677891711,0.22553231463619006,0.35107514175111276,1,0.4302669730787706,7,1,B
51,2.206096055147191,0.7448263417572145,0.39979458595911466,2,0.3055675316669142,5,4,E
52,2.7996865953807446,0.5380567644045535,0.4157400715534835,12,0.8311791689716481,5,0,A
53,2.9176406018492886,0.3917671765243716,0.38642957232485675,4,0.9022136191802513,2,3,D
54,4.95693144422022,0.3384899322118776,0.0404161209318308,7,0.4002620101157325,7,1,B
55,4.9615974785310355,0.2426102243313563,0.409180226581866,8,0.30264061192291236,8,1,B
56,1.3919480994138755,0.20831860868132462,0.5406619141073148,13,0.7428159222733565,3,3,D
57,1.3531898789610701,0.22913542105597426,0.125128135414504,18,0.9568923203689977,6,2,C
58,4.957393155721276,0.6926246340987819,0.2092048204548469,13,0.17829528524897437,5,0,A
59,4.4185866166051575,0.30624248672729215,0.10595968692821263,13,0.7192239965379621,8,2,C
60,3.814719277087962,0.43599233851456437,0.4948962654623956,15,0.21531339929219834,8,1,B
61,3.8023603354516826,0.2337001504994629,0.5670566119952509,8,0.5701502499400042,3,1,B
62,2.663030518812492,0.3856683711947384,0.5221277763820489,19,0.6709860298221109,4,0,A
63,4.544792690858552,0.2876129439229171,0.13393162022425906,3,0.9921252903064268,2,3,D
64,2.777690719252287,0.4950979557729559,0.44119288469157675,10,0.8289329731369388,1,0,A
65,3.9940609565450114,0.49737539377301493,0.4314334337955475,1,0.46016078859770937,4,1,B
66,3.511140931721016,0.5513731869728231,0.3754789686502274,1,0.9486825750683835,4,1,B
67,4.272465054787519,0.5206817769317202,0.06167780955409221,19,0.18581531021376801,1,0,A
68,2.55847120946267,0.5312283095719932,0.41177967466257687,17,0.14203042155539317,3,0,A
69,2.943748408301054,0.3606358782136692,0.475227003464753,7,0.18412434855568666,2,3,D
70,2.4478972124539453,0.6068653884332921,0.5337738423677303,5,0.8942058378968245,7,1,B
71,1.6510059743259036,0.5478704789918368,0.0986018408384907,14,0.8881069197205241,5,2,C
72,3.4846112745166313,0.23835663818281927,0.15885759076750325,19,0.8479064446622302,4,2,C
73,3.31333202686379,0.20059172215107562,0.5094538688269955,8,0.17586735112384633,4,1,B
74,4.700251205733171,0.4271282934187877,0.5723391371127838,9,0.6917744924958603,3,0,A
75,4.716633403466272,0.42789308060926956,0.435151645699119,13,0.6369111004440439,7,1,B
76,3.8065512910908446,0.5745094671433897,0.2801543940815268,6,0.4277962896490186,8,1,B
77,4.64491918165475,0.7616538725604138,0.09201397073212855,6,0.871034314668855,4,4,E
78,2.1692598283424265,0.4976796869836034,0.080508052733,8,0.6804709098470604,6,2,C
79,2.744322482444705,0.21462858992865053,0.19275064271978573,10,0.9222288295652843,7,1,B
80,2.3718436720887657,0.43854280501144766,0.1119798876180581,11,0.5046665201106241,3,3,D
81,1.9781755850155163,0.7333270641874134,0.5028443096592082,15,0.7064420592105846,7,2,C
82,4.560556528575811,0.6340551045732479,0.4111268443771336,8,0.7512801473907329,8,1,B
83,3.3486720324803407,0.3465099246269627,0.13975642323909934,11,0.5329587591653832,5,3,D
84,4.183175912186172,0.53500380436705,0.07868218421855308,3,0.8814311542595049,1,4,E
85,3.249120084250773,0.427645057739439,0.3419629959810876,2,0.4208585129531036,6,1,B
86,2.962275382553562,0.7442317787845931,0.0657299843470263,13,0.30243838131014467,8,2,C
87,4.074818531830667,0.7132196769993049,0.26046090175952125,3,0.4254751446373708,4,4,E
88,2.32489485370861,0.3778338872591409,0.5350886049861427,4,0.9474588241795304,8,1,B
89,2.6475593319476993,0.3483249446562743,0.5372941884184824,2,0.2999729417499868,2,3,D
90,3.9091743405121155,0.3493304861801517,0.19307379303450647,19,0.17869084728069884,2,3,D
91,4.345664240529492,0.4083691402909696,0.37443255117077767,19,0.16996264918894471,3,0,A
92,1.5695494223649864,0.762270648911366,0.1563749205067648,10,0.13516319826839915,6,4,E
93,3.826527739836822,0.6613729282189391,0.5184248648226,2,0.1766699574566118,5,4,E
94,2.722470588112186,0.5808314951745371,0.2543938967769904,2,0.32267674629229354,6,4,E
95,3.072771755761416,0.3070713753831809,0.10346047254562729,10,0.22447543630364583,1,3,D
96,1.4586321760703944,0.542311047836965,0.3039799725677949,17,0.5743058478024251,4,2,C
97,2.114848185660241,0.7667675215081178,0.0447617881377063,16,0.17321934538941003,2,4,E
98,2.3107752062880906,0.2787934062912021,0.10742058144295608,4,0.9410302837929291,5,3,D
99,1.8002138233002576,0.3039726274541501,0.5909879393790018,5,0.3896120937372938,4,3,D
100,1.1911955969813164,0.7370579921146072,0.11360477241228856,2,0.8666440048813353,7,4,E
101,4.931601183865126,0.327449889491649,0.241241232802702,15,0.15160303078069365,7,1,B
102,1.1402591176661838,0.5938404834334983,0.2314450613980189,14,0.4699337356150196,7,2,C
103,1.8808872432733073,0.4888145095481698,0.48341631706616744,17,0.7370101138033449,3,0,A
104,1.9681153915299983,0.7756738189565815,0.2587796270531249,3,0.13827813202342037,5,4,E
105,2.1221928815056774,0.5031535492764261,0.03575834513644553,7,0.896179312340663,8,2,C
106,2.3328396187002203,0.345849877978485,0.4169538066223292,10,0.336517389863924,6,1,B
107,2.188658582741384,0.5294187640185399,0.02879282783306354,1,0.32452955566371755,2,4,E
108,2.4601195593312797,0.37935007387551045,0.010770829891498667,8,0.9804029237749278,2,3,D
109,1.7623583521689357,0.26783697928929373,0.4415770231671225,4,0.9340898079260163,3,3,D
110,3.0965734716242954,0.5076344295059217,0.3150331254971027,16,0.25670532355423076,5,2,C
111,4.662171286856252,0.21753371066450994,0.3734984627670303,5,0.1781788022225117,7,1,B
112,4.051758493471543,0.2508399714059948,0.23249669140505747,9,0.33534448422719465,5,1,B
113,1.088701977394586,0.2607247361792822,0.05343463622723969,5,0.9103203921456021,6,3,D
114,3.745889484059272,0.2475444167277126,0.4068533890691719,8,0.35593253055024565,4,1,B
115,4.6403733501744915,0.5753659327283434,0.5309570047878951,17,0.6815370211093912,6,0,A
116,1.2537818892880201,0.6245205021850246,0.06709710895690148,14,0.6320010075196518,8,2,C
117,1.6355708658682158,0.4583531090714389,0.44806384586035697,13,0.7897827084767728,8,2,C
118,1.8607646395073867,0.40903313043712797,0.5848131658289326,15,0.880410721687604,4,0,A
119,3.027962047026648,0.7369510325323063,0.5788327939767804,8,0.9899853628342837,6,0,A
120,4.136063378276029,0.6929474231253073,0.07994695050259826,12,0.25845079034168617,8,2,C
121,1.0029719082296022,0.275148178483004,0.2847188161504727,17,0.6503318305797071,3,3,D
122,2.8903519850091905,0.5503728616335988,0.49188694648242537,4,0.2600576265217801,7,1,B
123,1.2805159654456535,0.6316641593483232,0.17688060073364412,8,0.15201904740770122,4,4,E
124,3.9411727990514884,0.5356246424474933,0.5275369973921363,7,0.16406561459608665,1,0,A
125,1.9233133061692786,0.6211048696319534,0.2771024340139532,17,0.23436184111728398,7,2,C
126,1.3410197914277648,0.2806765776971189,0.14797284949425404,7,0.2531086910498975,6,3,D
127,1.130011063101513,0.379458346179957,0.44343809521250294,13,0.5279405953327364,4,3,D
128,1.455163316392028,0.2129822609207099,0.061110854935238865,3,0.5121884405139312,7,3,D
129,4.521795346405538,0.7396225624181636,0.4569488140575669,7,0.8600971865964377,5,0,A
130,3.8480950011045674,0.5026962642769156,0.12672393404652696,14,0.6388538305677735,3,0,A
131,2.337420444775957,0.2487266340880531,0.3044499045899853,18,0.31075007799674914,6,2,C
132,1.8030004891439777,0.3822619532810376,0.3360308796109443,17,0.23364000007233546,7,2,C
133,3.397781836681652,0.7401491991773856,0.45177529398359184,19,0.4230594963520454,4,0,A
134,2.7901675174890608,0.5281118204060054,0.14636167190902064,10,0.11935103375815935,2,4,E
135,1.792458801077244,0.43937036322867085,0.23652876492349145,19,0.3533589731924538,8,2,C
136,2.778454090852686,0.6008424280549522,0.5611941935327401,15,0.4676928220789357,2,0,A
137,1.3947554896699996,0.40329903192973526,0.36775539649804867,11,0.2838205038528676,7,2,C
138,4.683776434301371,0.485021454878647,0.07136139259353876,13,0.8309291103769592,3,0,A
139,2.9015395442283443,0.3161735378837215,0.01692399498177526,9,0.8863317665249254,6,2,C
140,1.2472724378474758,0.3949888184912722,0.1382941259451313,17,0.6607521732568556,3,3,D
141,1.5175933733767155,0.4357995673994684,0.4596524278736518,15,0.4944929284240387,1,3,D
142,1.7204655988727535,0.701137193797033,0.5094576783699444,5,0.5886834577535119,5,4,E
143,2.236415327945879,0.40503941788765374,0.3019068208238331,2,0.8982230563892832,1,3,D
144,3.4728571953970446,0.5941716393381062,0.34496433704546514,2,0.15761829119573412,2,4,E
145,1.3992380182457156,0.2020048453071463,0.22652784568507564,1,0.8822451386223537,4,3,D
146,3.0630256102601834,0.27008300616073505,0.15929319689534216,14,0.16045417606938764,1,3,D
147,3.9760404360242867,0.6422318470876598,0.3541069040963057,15,0.9897454138195968,3,0,A
148,2.5861618627841767,0.7210575685943705,0.5232308009299139,9,0.13135530071265436,3,4,E
149,4.58623350641585,0.5019625940090693,0.541831815717118,1,0.46423743887578584,3,1,B
150,1.9389213355246997,0.5713510307844308,0.09004359870654323,7,0.7380988251798639,3,4,E
151,4.522465221279601,0.5517984420671085,0.5454504180897137,1,0.3763825749353559,8,1,B
152,2.975248408751743,0.49574298254011173,0.2509889155596429,14,0.7011497042385262,1,0,A
153,4.207375767963528,0.6283676315825204,0.03809975125869871,18,0.8147954979721875,2,0,A
154,2.358522777605262,0.476859891141703,0.4865262374353393,8,0.29309089588671833,2,3,D
155,1.8372915919782762,0.5661186758482839,0.007452632411777204,19,0.8780107158382302,7,2,C
156,2.56471189152811,0.7670793835679095,0.2632927645620612,8,0.40884130217160775,8,4,E
157,1.5828064479534678,0.2726062992786159,0.33649150381619786,7,0.855089579951831,4,3,D
158,1.7622399856622497,0.6532138027544085,0.047788827235259075,9,0.7723102063163292,7,2,C
159,2.8323104315484406,0.3089941490034277,0.43424248648618086,9,0.3142422357075103,7,1,B
160,3.264818310378561,0.4920214525080298,0.17860774688177164,6,0.45930060662116945,2,4,E
161,4.195214579199197,0.2442075505512306,0.1704902758916187,4,0.11741843189448209,1,3,D
162,1.9779057953171275,0.7278838001220236,0.036956020189408974,8,0.1712462816185386,2,4,E
163,1.17380741561488,0.4628048527158151,0.5294060735427639,10,0.6232668576803131,8,2,C
164,3.5010507014746723,0.41503914553916776,0.28672475956586313,10,0.8977352157767019,5,1,B
165,4.269831231744401,0.7948961162051911,0.021926759940850204,13,0.6483147497181823,7,2,C
166,2.790572348329803,0.6465675197661276,0.10856410380105715,14,0.7826525715235612,7,2,C
167,2.52075778731907,0.5851156956413683,0.3789167273655128,18,0.2544046218346395,7,2,C
168,2.3053515258187898,0.4959825399934872,0.33844002327737366,11,0.7521215661661363,4,3,D
169,2.329280807469883,0.3800049269723138,0.28005220557198285,7,0.19170770826518768,8,1,B
170,2.1354756044639367,0.3222030683991822,0.5227029732167574,5,0.25847735704059227,3,3,D
171,4.117533221179645,0.38340278005253814,0.534592639690798,10,0.5295270313553769,4,1,B
172,1.9913377723774288,0.4748645610726831,0.04080306829083897,2,0.21636574844161405,8,4,E
173,1.4947892045566396,0.5590778613402219,0.021424755178045363,13,0.5426031692118235,6,2,C
174,2.7615534388066543,0.6564822217094204,0.5155767871430392,9,0.4145167042329533,4,0,A
175,1.0077898491164685,0.7446206933172321,0.16535885322402238,2,0.9999048426865471,5,4,E
176,2.6847410072125033,0.6560054835318091,0.520114750002048,7,0.4981447421661668,2,0,A
177,3.4367265859448377,0.6477863000554109,0.1495978137934677,1,0.2535305833664361,5,4,E
178,1.3256205099086862,0.5468116029401674,0.06931351194293575,11,0.8595165947737926,1,3,D
179,3.184122629594288,0.31839112894334265,0.5557609250968352,1,0.27549753670852617,8,1,B
180,4.0033930838886,0.5290969924675274,0.23175861795960165,9,0.6445448126911801,7,1,B
181,2.1038611265899467,0.6200401002754345,0.2936968264229907,14,0.7253145851608104,6,2,C
182,1.7270492839717133,0.4686503953766458,0.05395970641885965,18,0.15187463285093927,1,3,D
183,4.465027146201627,0.6306046862628176,0.5551105519843826,19,0.4974528413221757,5,0,A
184,2.8697357271732846,0.47366208199237425,0.4355556739562933,16,0.7975861354924314,3,0,A
185,3.727149743798468,0.42914108361818126,0.055031502885332186,17,0.5603287049599365,5,2,C
186,2.333540008418057,0.312395220142982,0.24975291117231102,8,0.2396856400685688,1,3,D
187,1.558043756267217,0.4563417709158891,0.5564810448054087,16,0.5199184411463293,5,3,D
188,1.8041945331602762,0.7218714702874813,0.2867393764381275,8,0.7671327563665467,4,4,E
189,3.7399500078958843,0.35618357336754025,0.20897798044692012,2,0.1894330148964853,4,1,B
190,1.5205417586202201,0.5580467540275031,0.44863639729334615,18,0.9009619268093094,3,0,A
191,3.5726579372251046,0.2724976272024631,0.21891780813151002,1,0.5407422163176149,7,1,B
192,3.036497618596329,0.44138481036974897,0.0846085681199253,1,0.4759567030490297,5,4,E
193,1.3080184113778044,0.44090180892962805,0.14416308256105478,9,0.6134930193843658,6,2,C
194,1.486493312241647,0.5378044072000963,0.3183202690430192,3,0.31110543969203286,4,4,E
195,1.62743001893053,0.5881231488868568,0.4220823769638021,6,0.6744064960964188,4,4,E
196,1.712260823354594,0.5181270970847351,0.440011687442493,12,0.8346004724542276,6,2,C
197,1.3010110189520212,0.7061391160359061,0.5384685831512378,2,0.909526705061803,2,4,E
198,4.7081063926902225,0.5007042072264688,0.518636906660488,6,0.27343093678650526,1,0,A
199,2.068236649510488,0.7581065888731053,0.1904875870404986,13,0.6221216869767576,8,2,C
200,2.201752136539846,0.23347930639791623,0.12256711445204997,6,0.23859252217946506,7,1,B
201,1.3767561799933432,0.7249438093943705,0.018606287371701422,12,0.6803022033667829,8,2,C
202,2.604154945941306,0.7553413391136785,0.3413452612899,8,0.34536576176508915,8,4,E
203,3.000449739640521,0.7485431819329091,0.22683375627954167,6,0.8387173973891344,4,4,E
204,2.2077551807442495,0.7836980460017478,0.5809268880264872,5,0.6012854644886811,8,4,E
205,3.55014001690519,0.5422687069026401,0.5064665561626228,9,0.8398668511599356,4,0,A
206,4.351507982479746,0.44892049096687137,0.5363193391422345,2,0.5063053087992596,6,1,B
207,3.7662177713244827,0.5343319953749673,0.38118293927804864,7,0.6728365536615769,6,1,B
208,4.244033777662125,0.5256063752135121,0.16510047163760644,13,0.9343529078365879,4,0,A
209,3.6339634571046115,0.7790991641339393,0.3109854174987629,18,0.8905550467311117,4,0,A
210,1.1271232235861648,0.7333543713915107,0.5295365015999968,12,0.7829552169870136,5,4,E
211,3.129775761406519,0.7029458870828298,0.19283960213608187,3,0.267297212411409,3,4,E
212,1.095750736396592,0.4216966885988575,0.2481713558597639,7,0.31785189877645337,3,3,D
213,1.2344210146256294,0.7241452933948054,0.4479161382405172,4,0.11290017989378925,6,4,E
214,1.8419729983303847,0.30851285108178733,0.27492661749302916,1,0.3334221124051766,6,1,B
215,2.39439912583384,0.22085545792223102,0.09608544034708523,12,0.3815869837394591,7,2,C
216,2.0284840541471154,0.4163501857420603,0.24332155888141305,7,0.5158069731920739,6,1,B
217,2.3784754512155004,0.523952142224454,0.43548135100305363,18,0.9845060549889766,5,0,A
218,2.517767296236711,0.34351665632792117,0.5142863764772786,13,0.36804363993456535,6,1,B
219,4.890977250825825,0.7926580199637554,0.5139112239441491,16,0.5576119266366163,1,0,A
220,1.5820557837654716,0.5573149538270792,0.37369236560206004,6,0.5815140260574365,2,4,E
221,2.8384863096409387,0.6592145940885581,0.004855130477020753,11,0.8980883089381946,8,2,C
222,2.1581290635317902,0.779855884492616,0.5233372637965727,1,0.8146900687577326,3,4,E
223,3.426648863305559,0.26305711918314145,0.5565128816209054,14,0.536391640805428,2,3,D
224,4.981413763842653,0.20306245103606912,0.5181141552583679,14,0.7325767807716725,3,0,A
225,2.853437245027277,0.6650345533261952,0.5956820115163387,9,0.5185630305446638,1,0,A
226,1.568245967084592,0.7679733003661522,0.0016954060950816086,5,0.4433936861224459,1,4,E
227,1.2003171553730896,0.7036515551369369,0.47637606934450827,6,0.5993338248539777,5,4,E
228,2.1480871417947527,0.4080601917245461,0.4590746067781841,16,0.28888997010587336,2,3,D
229,1.6680108784453673,0.22034577787799528,0.007273306680496416,16,0.30810019047229714,2,3,D
230,2.0163460171689347,0.45037120412226167,0.2901307622655139,12,0.9459046505871823,3,3,D
231,2.6076691835848633,0.47518938305783226,0.2997856311226864,15,0.4651907873670751,8,2,C
232,4.903465724689541,0.7303817453393335,0.3598592467094492,10,0.9082060289650722,1,0,A
233,4.50631731172079,0.6127370774474352,0.42632959865990006,10,0.3821769248208443,8,1,B
234,1.6991269538118488,0.524763259565157,0.3375458275804874,4,0.37635141708556374,7,4,E
235,2.6238916536574375,0.3992939325237315,0.5081965704810145,13,0.7002433572744868,7,1,B
236,1.3788198119577886,0.39175263056827225,0.3452973121547142,13,0.5739234632942894,5,3,D
237,1.233050467903742,0.539411281517595,0.33262746086571254,15,0.30663307120044325,3,3,D
238,3.6725545521598706,0.6724068715415987,0.4637229570496234,15,0.6295105220468139,6,0,A
239,3.5537458047860557,0.7247345271999295,0.39663085091089906,12,0.26918865196388997,3,0,A
240,4.424088186073471,0.6755394635170924,0.5232265595700739,1,0.9308755598991413,1,0,A
241,3.0173792813902574,0.7582729108323887,0.3619973053941488,12,0.5659545337995378,8,2,C
242,4.913909854080767,0.2583255392417277,0.11257518052139764,15,0.4698337579144696,7,1,B
243,2.220991087290829,0.6074718026269883,0.35891059478367227,7,0.9058403543421008,5,4,E
244,1.174389235217276,0.3882287935814549,0.06414542646254125,3,0.7927255420104402,5,3,D
245,4.832207149582816,0.5031659199713241,0.08783097751289601,7,0.6953395755387275,8,1,B
246,2.2576750146728575,0.6884595750189583,0.5738014735688463,14,0.7075474369787299,4,0,A
247,2.315718576260618,0.24032513342715262,0.3451071547790782,1,0.2946445387540207,2,3,D
248,4.922426503135554,0.6433035000135868,0.41618870725703566,15,0.8645962662710405,1,0,A
249,2.1206966911078293,0.21411235249935312,0.5665523392330997,2,0.807325277115241,2,3,D
250,1.6754929834819854,0.2516760649458566,0.10925771396657326,1,0.5150759361545766,3,3,D
251,3.5567758523638795,0.7162501830466128,0.32215424069972437,12,0.34410750646158844,2,0,A
252,1.7421497040104112,0.6642643608137,0.3933333154632254,18,0.9690276086317234,7,2,C
253,1.761751049408455,0.43863257944936457,0.35062590782916536,17,0.8667887088812891,3,3,D
254,3.799512273430134,0.24100837866848407,0.22692167331129276,10,0.12320148169356986,3,3,D
255,4.9561994723628064,0.6717826466444392,0.33382969674375956,19,0.4429350379775626,2,0,A
256,3.471340745115445,0.5467130898351329,0.01723382455406175,1,0.43209883166897134,4,4,E
257,3.6115159959965877,0.4057508531719555,0.11802186405395584,16,0.44727614654103165,4,2,C
258,4.273223732822,0.22763867012292283,0.2978806396799317,8,0.4449630239624486,7,1,B
259,4.235117963028088,0.7215378617802635,0.28692128822353163,1,0.20818755107887904,4,4,E
260,1.7378465813694404,0.21331853335037126,0.4924631315043853,7,0.3841940533477378,5,3,D
261,1.3768313278182336,0.30831739483715337,0.3495716645052726,12,0.9028488612075609,4,3,D
262,1.8850810744153588,0.6027223919677447,0.4330606763640809,7,0.9867600187085596,8,2,C
263,1.761290735185641,0.7696980432041254,0.5589161015982856,18,0.5359043324030982,1,0,A
264,1.5556111248608482,0.5658403556411141,0.5647768457120047,19,0.3403153836209136,8,2,C
265,2.420902391700484,0.2953540899809822,0.563139148495423,9,0.4291959938532416,4,3,D
266,3.2656822903626637,0.41673121060339663,0.044398092547924414,7,0.4872161130184641,6,1,B
267,4.029236009116136,0.48293321979118387,0.4624861373778675,8,0.46514581436747393,7,1,B
268,4.7698079702153535,0.5075226212500792,0.40861584719324867,8,0.7513289681619041,2,0,A
269,2.924755977332918,0.5739119678031104,0.48032150821608505,17,0.5875064458942758,2,0,A
270,3.7525874242494037,0.29377547184327313,0.020783568269016506,17,0.6285931794635861,1,3,D
271,4.764516930914293,0.6932145570087022,0.05159191050330074,7,0.20943784131761212,6,4,E
272,3.4398196417420386,0.551730664471268,0.4456532759520718,3,0.4418571632313899,7,1,B
273,2.3403765119997635,0.668886332196035,0.4290597367200058,9,0.5375485535892145,2,4,E
274,4.596042713928647,0.4490731724696584,0.1650674794053907,10,0.6213500293857278,4,1,B
275,4.643051283292582,0.6957841716937911,0.4800005776407357,17,0.7405924839427991,7,0,A
276,1.3942349781808088,0.7953447076212194,0.5543504120120133,3,0.6084216953801502,2,4,E
277,3.654769418248207,0.7888800360695682,0.2836871640778788,8,0.6500841289774302,3,4,E
278,2.161572912083981,0.319936134617822,0.21710169071756594,4,0.564832005986783,2,3,D
279,4.064929115114543,0.7004967358671894,0.29811631892643115,15,0.10134348837152113,8,2,C
280,2.066145901490945,0.6954326291031034,0.2085325175099781,8,0.21598136442608262,6,4,E
281,1.4550458926661278,0.3027765614649111,0.09667070850030797,4,0.5271534168791582,3,3,D
282,1.7897454557397676,0.5390478664605902,0.43907170764068276,2,0.8640321368026166,5,4,E
283,1.1610279743712058,0.6193009504474563,0.006512406861218611,1,0.9252908364685056,8,4,E
284,4.9551160842292035,0.4251947553847848,0.10344543909989294,2,0.22176682938443587,3,1,B
285,4.226061709365888,0.41666758201859944,0.32227962538092764,18,0.5400205749172778,6,2,C
286,1.4053513402465287,0.6885171746938545,0.5782963221054074,5,0.41741973750580386,1,4,E
287,4.756803807687491,0.7332909951275393,0.41166547824034855,1,0.7279752850030519,7,1,B
288,2.7478516391103933,0.6706233542737834,0.28412107568057904,7,0.3214643927016034,1,4,E
289,2.989668925038073,0.3876553317948457,0.5396582030982174,4,0.10029690143527997,1,3,D
290,4.533153222510084,0.7227559236614889,0.12733285798131058,5,0.6855815295237968,8,1,B
291,2.2333510868742845,0.4109516048293511,0.3249096509132859,6,0.8296922884168223,6,1,B
292,4.7348042286649825,0.6448920022521276,0.14621382724082554,2,0.4021839070321779,1,4,E
293,4.853005392417813,0.23914869378119438,0.0454275960000744,3,0.8146198028397817,4,1,B
294,3.488286221069448,0.4619326703978921,0.5153589387680768,15,0.25340791126025497,3,0,A
295,4.558039840919067,0.7962842089241311,0.14725715037744339,11,0.5974075172854788,3,0,A
296,2.097023272823476,0.41981202822544017,0.2200999922985444,11,0.11242050821847593,7,2,C
297,4.787289829875197,0.3730165011826423,0.565208391425943,14,0.875730442586827,3,0,A
298,2.9395528991724817,0.6156404295508524,0.5302435028237431,8,0.8804907381504476,7,1,B
299,2.1250333671887,0.6455306040950087,0.09074058147158655,15,0.10152628276321006,3,4,E
300,3.8391113761030256,0.5173838212133692,0.10163328777399971,12,0.9172444446812693,3,0,A
301,3.396439415527157,0.22904104499711953,0.34834516314241626,11,0.4738220210056029,8,1,B
302,2.2121026322876793,0.4764560192303875,0.16853287588380944,4,0.6698186936124855,8,1,B
303,1.606065252817519,0.7775096663387162,0.07773802114801169,18,0.5114844421816002,4,2,C
304,4.2623467685007785,0.5115595506323544,0.07807334110375479,1,0.6140036205616697,3,4,E
305,2.592950731997324,0.28502341259008285,0.23989297329730672,15,0.6783173379648603,5,3,D
306,1.6393395974925427,0.49351201781000525,0.32228587900184164,8,0.96250030677537,5,3,D
307,3.17952015982589,0.25334292136021813,0.39440485883125087,12,0.17029963161473655,4,3,D
308,4.581568857322079,0.225903443004963,0.30078840511098226,9,0.614744719897385,8,1,B
309,2.0225030567343456,0.6469265421248569,0.1482760766804229,9,0.785026278876801,7,2,C
310,2.55163393810163,0.7248832971882948,0.4037056280155015,19,0.1403661495858245,7,2,C
311,3.529178885610008,0.5938074128376848,0.18990234841029655,17,0.5207801419550098,6,2,C
312,3.5697236188394474,0.5222072980906465,0.5101601686101741,19,0.5228350325389295,1,0,A
313,3.050589260334699,0.5184286541173675,0.5153084112501212,5,0.3149410812985721,2,4,E
314,2.032999506791884,0.5783168070008995,0.4136142517773703,4,0.26480998298603875,4,4,E
315,1.3657071584161211,0.23882007156398732,0.07677234467579226,10,0.6417265152761462,3,3,D
316,1.120658498186358,0.7471182769978957,0.026658817647748755,4,0.3201660720541215,1,4,E
317,2.371442677267476,0.22415420108834103,0.5235362196287703,12,0.7605201723996259,2,3,D
318,2.597660847817333,0.21416917905821617,0.46347921517220136,18,0.941607918128718,3,3,D
319,3.3363692951921107,0.5551347400869672,0.5690552304975149,4,0.6416512070781887,7,1,B
320,1.0441886430146075,0.7472000797066716,0.4368763218229891,7,0.29776358290179883,7,4,E
321,3.703541934346847,0.47807961683449274,0.09730081241765688,17,0.6720101949335473,8,2,C
322,1.9227499500446825,0.7849981047311136,0.07710573180001032,9,0.8324839598440573,4,4,E
323,4.71071917327658,0.7560680621120386,0.44810448625486987,8,0.8928639358853854,8,1,B
324,2.5403482362488203,0.21632924174355858,0.23252312916455303,7,0.6174140874408495,6,1,B
325,4.489615323952512,0.6802389432384914,0.5558270091596509,15,0.9182442168791722,8,0,A
326,2.515734286352539,0.28883989886643757,0.03543953172425431,7,0.4625322836540673,4,3,D
327,3.5361676936671973,0.4208075484229761,0.1796701823822886,1,0.7230695147955479,1,3,D
328,4.762220932284045,0.5067886845638585,0.007541801821627003,18,0.23140737894528451,1,0,A
329,1.7329670654019713,0.4491800940104317,0.05070973424498335,14,0.8942754215125942,5,2,C
330,1.1620219280614679,0.38358672695226137,0.3889604855126111,1,0.46739174480702705,6,4,E
331,3.8325735552896063,0.5139228028066005,0.44582463336500794,11,0.11828501911498929,7,1,B
332,4.021528775674659,0.5959788023979355,0.11360867431076968,18,0.453996385734745,2,0,A
333,2.5431856127098627,0.2907205883226276,0.3857861013954758,13,0.6043197622100293,4,3,D
334,4.332136700494118,0.23759678322723693,0.0779078990994604,13,0.6885581020574941,3,3,D
335,2.836122488444896,0.28879224392483516,0.2013681733879873,2,0.4268299754056186,3,3,D
336,4.155177976213414,0.38370842527949145,0.035726060001776715,10,0.547169506695212,3,3,D
337,3.2648077825672144,0.7189957363688333,0.5563928004870041,14,0.3436139295625956,2,0,A
338,4.213540745408796,0.46631440737058155,0.12540574246853872,17,0.9065258061095726,6,2,C
339,2.867943337429126,0.6966199198917874,0.5305800941257922,5,0.8084341075886927,6,4,E
340,4.5486322718783105,0.38882225230947265,0.1417790361350394,6,0.30296578677018754,3,1,B
341,4.028640937191151,0.3432707215403282,0.5295309869857703,13,0.989359496031239,4,0,A
342,1.8792429723749815,0.7123768782497422,0.4050185651602454,17,0.2308568927730102,1,0,A
343,3.886974432660028,0.20484847622723237,0.18211893945203053,15,0.2994110980334881,3,3,D
344,3.547252862518722,0.726872265594837,0.2302935853306551,11,0.6343315201730435,8,2,C
345,1.4081141399911279,0.3667538232815821,0.42304599591823505,9,0.8495148218798508,1,3,D
346,4.743329735086025,0.23358362295172203,0.5006853391244382,3,0.6593786181337021,2,1,B
347,4.6145931857716125,0.7676598543912383,0.4353405865938152,2,0.9145809745531606,7,1,B
348,4.926973962797382,0.5630123109643923,0.5298539558804629,7,0.624364649812722,3,0,A
349,3.8639998422304656,0.5449086142522145,0.48232935359589246,10,0.4050846756696094,2,0,A
350,1.1573204203109118,0.6295267353942664,0.1849042111885565,5,0.6349925772862469,1,4,E
351,1.3434124531373874,0.47912473822473,0.36612515303961674,2,0.14320525229405223,2,4,E
352,3.3896962195347404,0.422936386875958,0.11891273193873979,14,0.9377524480127195,8,2,C
353,3.4582219776581815,0.4449933622006879,0.03413096294957811,10,0.23650684789775123,7,2,C
354,2.3866563193298007,0.2447173228072127,0.35502488968415036,7,0.21912412897510153,6,1,B
355,3.71160304328058,0.5970777673945205,0.3213327019950516,3,0.8785846215041911,6,1,B
356,3.480444538440771,0.2735018557025597,0.5841211261095752,9,0.41311225020077835,4,1,B
357,2.929357234610689,0.7612741261881975,0.009950169424316146,6,0.6521045062559019,3,4,E
358,1.7015434572804904,0.24024194659228643,0.5230535337355181,1,0.4488380565475908,2,3,D
359,1.1013560827733095,0.22472326874341936,0.18105492944524704,11,0.32637687340404076,3,3,D
360,3.276642592186477,0.7646795040811576,0.411829448877635,16,0.5964672238978418,4,0,A
361,3.785589326318509,0.5350842046174664,0.00726832524826031,19,0.5230438645025222,7,2,C
362,4.178785310325946,0.3610546618383928,0.3415173124026785,8,0.9266756333968637,2,0,A
363,3.3944807395989938,0.49214815519110683,0.043459978456457056,6,0.8373800434412959,7,2,C
364,4.847316406884543,0.47450942451168504,0.46116880892398204,3,0.21630600797548233,8,1,B
365,1.7878004003680887,0.5936345362282539,0.38363987716685266,18,0.2828487765422896,2,0,A
366,1.2394392191102783,0.6119430563019655,0.3372359618723804,16,0.35355940902716276,3,3,D
367,2.2491871588715724,0.6933662574707927,0.27048205838842443,7,0.8167941943744562,7,4,E
368,3.301628299877825,0.48455200617121486,0.5610565124619504,13,0.2749721232544087,2,0,A
369,2.742113040559281,0.48638392324802177,0.059946315795238125,3,0.8341209083533203,7,1,B
370,2.830788270955374,0.3070075663646913,0.48496351868010523,6,0.15266914177804602,8,1,B
371,4.068124630221865,0.7452711694408047,0.2613280713368969,8,0.7736766617473506,1,0,A
372,3.142147634112201,0.7909398088526705,0.37169947307042417,6,0.4617222557463345,4,4,E
373,4.664061477350064,0.3859845776044908,0.4199042620179984,4,0.4492921578629665,4,1,B
374,3.516308733104349,0.7152908688147221,0.5603654887538078,15,0.7234352696559696,1,0,A
375,2.021459817972478,0.26284634908502874,0.3076787014323242,12,0.7637056468017771,5,3,D
376,4.147681941368201,0.4603646415790964,0.3979763929301218,1,0.8055949834000974,7,1,B
377,2.583134339858018,0.7205799832090369,0.3887905290006175,17,0.8516223759314288,1,0,A
378,4.304029634671068,0.5310590237704744,0.4379645236633421,8,0.23597025216612208,7,1,B
379,4.358861971064892,0.47915112636398666,0.4325241157795633,16,0.28669112931372276,1,0,A
380,4.566518137640218,0.7003443954061357,0.24666432603566782,1,0.22472189096356227,1,4,E
381,3.535323268537595,0.5931288760732514,0.490523932801438,15,0.48046403336103916,8,2,C
382,4.270324782210007,0.5615552925033926,0.41268268523666074,1,0.9576376097568481,1,0,A
383,2.3041200125218793,0.407280333256401,0.5434050410559977,7,0.8771959765747447,6,1,B
384,1.5990904076178665,0.781847330388171,0.40445105889398675,1,0.4403104545830213,6,4,E
385,1.5295319938027965,0.7226709407562375,0.005281591944581576,3,0.4374372638175328,5,4,E
386,3.165701805464607,0.45601999533564086,0.1981170031122658,2,0.15576629382740065,1,4,E
387,2.5260307272468023,0.464555085457449,0.03611522467080155,3,0.7090676896274576,5,4,E
388,1.9657381477929023,0.24727614556399818,0.117637036150422,4,0.7254205435763743,3,3,D
389,1.697681317470507,0.5730228614404158,0.21763848843225211,9,0.490707809367284,7,2,C
390,2.0889913032072083,0.7779689038994586,0.3596391305382378,14,0.24687553394603606,2,4,E
391,3.5533805208133313,0.48210268555459074,0.5344134060027366,10,0.7980124458574145,8,1,B
392,3.831180586389209,0.4731954817498324,0.27767170375388295,9,0.38563055073085195,7,1,B
393,3.0794224307416345,0.6021009107738775,0.3431841109196942,19,0.6759984348037406,6,2,C
394,2.647218275763195,0.209308439438297,0.4758727545680174,15,0.1483216288454951,2,3,D
395,2.7142579883443507,0.7804459039365128,0.5777119193192554,8,0.8306788233126453,6,0,A
396,4.0701068574433314,0.31754723030789234,0.5227261660413126,17,0.1448666044674169,7,1,B
397,2.7593794808875165,0.39432170764700347,0.3856616426439321,7,0.43895823935862366,4,3,D
398,2.74508734219943,0.5904101430798644,0.2937644597066913,12,0.7839386065422972,2,0,A
399,2.2655296395973608,0.5456129243373904,0.5189011054469748,19,0.2977069730230401,7,2,C
400,4.2359472230945014,0.5118072458471031,0.4524964430776925,17,0.11790824460381932,4,0,A
401,2.606864943747772,0.7102442501689223,0.25218609346257487,4,0.8414121933391459,5,4,E
402,1.7896037443549178,0.35350927880632244,0.49606629245097245,9,0.5191237002391189,7,1,B
403,1.1212356974914082,0.7349373521870095,0.013409773911868572,6,0.7830414269305416,8,4,E
404,2.3416888168447096,0.26697939238064616,0.043588305702623065,12,0.6531527686440189,7,2,C
405,1.4142437977818214,0.4247549391087342,0.46409901130626563,9,0.7774706823775205,6,3,D
406,4.9211907065669465,0.37504666548128196,0.5389710763697126,15,0.6235883562742385,5,0,A
407,4.456294990616874,0.5216572108330214,0.23534347038325662,18,0.4646977161013991,4,0,A
408,1.1469958007321575,0.6169932597610759,0.3322600413566625,9,0.40538540223326547,2,4,E
409,2.2333475756650634,0.791666745355732,0.14234861372834043,14,0.9725783055741662,4,2,C
410,1.3303577155645394,0.5803020018579869,0.22548851399192915,5,0.2942221713207513,6,4,E
411,2.382584022973623,0.6731168658687471,0.0029141478202430846,11,0.290546379953487,5,4,E
412,3.679070349299737,0.6100820924289794,0.07840726679746665,1,0.3095976397501017,2,4,E
413,1.8272195173310002,0.3459182432826162,0.21905342320644022,19,0.5825119394438495,8,2,C
414,3.1597237410745356,0.7354627096055364,0.5052326214162272,17,0.5137445003694485,4,0,A
415,2.9566106007961266,0.7924963665453331,0.34742414531884097,3,0.7386057745117761,4,4,E
416,1.1028420870550106,0.41857302244886496,0.10815571924047869,7,0.4509504950152331,5,3,D
417,1.4412101024705959,0.4842443081345826,0.3540838104246507,9,0.6126268195631607,8,2,C
418,1.9552866872246786,0.7985894526927002,0.1915056491108689,16,0.4798358132653431,6,2,C
419,1.8485728779898931,0.6336361026082071,0.5155027831570174,8,0.9784684590826189,1,0,A
420,1.2457154451674448,0.5432653053734449,0.16068789927784047,19,0.6742374459051713,5,2,C
421,2.1835837287462208,0.2258381359892913,0.5767529670711514,19,0.39290094665188213,4,3,D
422,3.923118030827726,0.47533476284538917,0.4210221255377517,9,0.4975565573662609,2,0,A
423,4.878148514048915,0.5030973609597538,0.021783609558121798,4,0.5927549019117045,7,1,B
424,4.613024986612649,0.37067802881850254,0.24337434079291742,11,0.3645127441721766,6,1,B
425,1.7721263149224997,0.46784044705474465,0.002398922072775922,11,0.26689064463104817,4,3,D
426,1.094699407938991,0.5068696379745555,0.4535510167695919,5,0.4557908824065655,8,4,E
427,1.4105709909566446,0.6971073875266386,0.4691110223954569,18,0.3074839565107743,8,2,C
428,4.730475444598822,0.44777169759711966,0.48159523344143146,7,0.6216229132846874,7,1,B
429,4.127207155464042,0.40062312637715525,0.5244568836229963,18,0.7429551996935735,2,0,A
430,1.7543026990252266,0.3327872820406731,0.12719409610721133,7,0.5288842710518666,6,3,D
431,1.228123321784972,0.5570852880035617,0.08940357612551932,12,0.44400211423056957,8,2,C
432,3.9230832011899013,0.4084657913211872,0.3228210766541921,14,0.3323841999996096,8,1,B
433,1.5707789197500648,0.433901026775455,0.1266561629462056,13,0.9764401144142607,5,2,C
434,2.7646898554273296,0.23900948684153345,0.01475866517185822,4,0.8393645688206652,4,3,D
435,2.0446209728247156,0.31477789573974335,0.0012464321037953141,16,0.7815488196054391,1,3,D
436,1.2239346874710786,0.4042509173721478,0.3139517163787995,17,0.7748154937104459,4,3,D
437,4.583314148257193,0.3226937442690191,0.08606865585218626,19,0.7963814017018831,6,2,C
438,4.116462321844797,0.48122663418373934,0.43510155259859645,12,0.4274533054112195,3,0,A
439,1.5470936057997364,0.5940858427592633,0.39345649208175454,18,0.5275410900447197,2,0,A
440,1.064762010061667,0.4604079090606882,0.28125654186811033,17,0.33030293660416843,2,3,D
441,4.145029112645353,0.6168366196266145,0.5924974494485495,15,0.7960797664861288,6,0,A
442,2.2591188775035578,0.7566402593001176,0.4661674236709467,17,0.9568618169326526,6,0,A
443,4.96198525853574,0.7436274813307278,0.4816859854174014,13,0.6875937609787418,1,0,A
444,1.823553510807879,0.6452610725634671,0.08515076402910053,13,0.14213963232184537,7,2,C
445,4.331208759730691,0.6131959650978938,0.5163096569577551,11,0.811232455358644,5,0,A
446,3.527460665006473,0.2918414400797926,0.553115001460629,18,0.6238780368111395,4,0,A
447,2.0430605303154605,0.6035924082325073,0.03262918455891954,12,0.3718791041081656,2,4,E
448,4.544925697867816,0.4163318775541569,0.3881258442867084,5,0.9260892831623104,4,1,B
449,4.743885506005495,0.7283576208932305,0.12775447578310586,16,0.45422656578611365,4,0,A
450,3.8292454528422954,0.5888017392031156,0.15692935152909707,2,0.7922464827354913,6,1,B
451,4.808925600095445,0.3167943370851643,0.2823830507795508,12,0.17863512362730127,7,1,B
452,3.081352886388632,0.6922666721855051,0.32462200749972386,7,0.6698650866754686,1,4,E
453,4.42598690265055,0.7249745457053807,0.5421772685879199,7,0.39248696717297094,1,0,A
454,3.1418110511458783,0.5461099441278923,0.5589210145599112,16,0.9132040464127895,1,0,A
455,2.884634892426889,0.6541474596174612,0.0017969979209273344,8,0.5156629641688274,3,4,E
456,4.275000705030385,0.3288607809282368,0.14572305527262416,3,0.857328595433109,4,1,B
457,2.586711529300433,0.27256632971408085,0.021856035415761355,17,0.4825935555910511,6,2,C
458,4.054853185963303,0.7751968539417495,0.14070226888157292,13,0.869976701337315,5,0,A
459,1.951304834358166,0.26473510179617055,0.08546920120904393,13,0.45533833186283323,4,3,D
460,1.150238705248178,0.3186140472851269,0.40765313390571983,6,0.5143440162856755,8,1,B
461,1.1617688284809926,0.2962350243529592,0.2293346077052961,3,0.3576794348155854,5,3,D
462,4.863435292741741,0.6175487492779661,0.09302003411760741,4,0.28033631270116766,5,1,B
463,2.4030558920389593,0.7791072464518287,0.45560521455396175,6,0.37427358308828296,5,4,E
464,1.9419853815514188,0.7604311402648145,0.4087215064527117,1,0.5002588343498128,2,4,E
465,3.828338575120124,0.4280488098518674,0.03300229374899664,8,0.8065750294572228,4,3,D
466,4.945828973182628,0.34923699720868545,0.3853062395491519,6,0.7329446819331891,4,1,B
467,3.6727706518900525,0.6932350252152851,0.08014210907242926,8,0.2544165529295313,7,4,E
468,1.8736051662197348,0.7912661678220372,0.0857083591722185,2,0.679117258633803,8,4,E
469,2.6773239496875276,0.2430538427716168,0.5127523569465836,3,0.8794569945484031,4,1,B
470,3.6988809517430954,0.23102282894268125,0.44168283246030193,4,0.20523306995123147,5,1,B
471,1.2743641328017188,0.3120926807900867,0.5397904515690961,10,0.688655167952433,3,3,D
472,4.280654500153739,0.605414787902519,0.4764015259959067,1,0.5277330955212046,6,1,B
473,3.2431349676666836,0.3951370301213636,0.4757701920346489,9,0.4996443014859988,1,3,D
474,3.576176225886375,0.48215268773836883,0.03694055757973005,6,0.9290206182056939,3,3,D
475,4.467150964575758,0.5910323080125124,0.35644414769361116,14,0.9947169213140953,4,0,A
476,4.909704237437044,0.743842989177306,0.4912988048176128,13,0.5335980629240993,8,0,A
477,1.0015181242866564,0.4537425174252598,0.20231265690963,18,0.7302254480130834,3,3,D
478,2.806352561032124,0.32425604827984583,0.5869917150719364,18,0.9247014416723018,3,0,A
479,3.8084370339985276,0.4194416506091093,0.20898700221566746,14,0.3557966068566808,6,2,C
480,3.5442120305320737,0.6370233320010213,0.08717741023212584,2,0.34126650115466833,8,4,E
481,1.7971031964481297,0.44157260944907906,0.14655648166435647,18,0.6333615319201032,1,3,D
482,1.9039867508283037,0.5062159983398409,0.472611820565767,7,0.21716326374096823,4,4,E
483,3.404570595084089,0.2209391779477024,0.5047568210717298,15,0.8003144082228149,6,1,B
484,4.597392903471187,0.7956976152884401,0.061162144562220196,4,0.7134203818965559,4,4,E
485,3.9244813557878486,0.4372607409744678,0.35146116505239094,19,0.9718773098965824,1,0,A
486,3.6300176181934076,0.6148866008237147,0.13026651233948625,10,0.12609790728377643,5,4,E
487,2.247935445954627,0.317116481008094,0.43316811814004985,3,0.4377727297530576,6,1,B
488,3.279207136048737,0.7729864166931433,0.3475871099218122,19,0.5200969776504764,2,0,A
489,3.0866801517190465,0.49013377325778357,0.010160983837924808,18,0.29611946719453175,7,2,C
490,4.351223227300804,0.3798567166076165,0.338918749642808,6,0.8443861883218011,4,1,B
491,2.7333459568524474,0.3736041652496478,0.21068566768272864,3,0.5445505358701432,5,1,B
492,2.023558059968176,0.5444034585711406,0.3651949992652543,19,0.9853906937004098,8,2,C
493,2.014738882481113,0.4573794758866552,0.46874505074025397,15,0.1652101974792598,8,2,C
494,2.9737401422720895,0.5817851439269186,0.03927606168608495,19,0.7097579775171996,8,2,C
495,4.591011031658264,0.20380110629859852,0.5436770594733907,10,0.7142611307707872,6,1,B
496,1.0817662964917298,0.702333143266368,0.5775208451648483,1,0.9992336958777465,8,4,E
497,2.7425764348410664,0.7864957860757067,0.0721786616724011,10,0.4089623584834158,6,4,E
498,1.3383403373485638,0.30622086568761653,0.45227399929360135,4,0.26512867192667205,4,3,D
499,2.261439272511884,0.33917915896283,0.3688742842053437,7,0.5486507324110422,8,1,B
500,4.875780394183468,0.7695720096339167,0.09830907224242925,18,0.3936207692263619,4,0,A
501,4.99448528171161,0.28105525646099777,0.23200367204684422,7,0.6494462787285946,8,1,B
502,2.8360819547538165,0.7459378401786967,0.05571570868156126,4,0.2621624021618587,7,4,E
503,4.719194697393882,0.3116338017606436,0.1325381635037501,19,0.1317150473009493,7,2,C
504,3.7456776153822946,0.7354777828115844,0.014482763952085476,18,0.218434491420504,8,2,C
505,4.446707216854483,0.7144052554617646,0.21783742262190023,19,0.7581374662080336,1,0,A
506,4.006003238339286,0.5579511497342485,0.35375603961051844,8,0.39851205727516814,3,0,A
507,2.574407686628689,0.6046317627997323,0.41692083294219257,2,0.11724772006159313,3,4,E
508,3.168294088416483,0.5685463557373028,0.4595017289948101,14,0.33158308454422436,1,0,A
509,4.519150195256461,0.428806468850012,0.4413194351958419,8,0.42036260717554774,8,1,B
510,3.199127549369852,0.47847816145365507,0.2996380878657056,2,0.4759218310333563,1,4,E
511,3.1930657559470745,0.4649487887833986,0.5014034135100154,12,0.46784795028711357,1,0,A
512,4.7447479905275065,0.35341245639212593,0.409477799343868,4,0.19192312847262044,8,1,B
513,1.9997189981648962,0.6463793469279389,0.5136265904750051,12,0.8637923976189739,3,0,A
514,4.407119849646537,0.3887843269879063,0.5305296373351729,8,0.6236335927145907,3,0,A
515,2.020449800634825,0.7010221716475378,0.01329429910755442,18,0.6696743434432171,8,2,C
516,3.7913422491015676,0.48372011198058634,0.183989188426991,1,0.83224702369458,8,1,B
517,4.282753989397627,0.3534396413190598,0.12249804695462294,16,0.6584072990030603,1,3,D
518,4.192563659742023,0.6216324667275785,0.13150829634158623,2,0.9802553054453054,3,4,E
519,2.525445651659178,0.3207037312181926,0.2118608003289908,13,0.45053720761834126,2,3,D
520,3.7623193636295578,0.5797228740507557,0.18962206416992775,8,0.34014186677932323,2,4,E
521,3.1280665604423743,0.23162135531005065,0.09377760246247202,1,0.5659654882153728,8,1,B
522,4.1897265612960375,0.4712523817297466,0.3485595696225977,10,0.9328382681745732,8,1,B
523,4.318733542436897,0.4916298745512312,0.47244801039149514,12,0.5905124066469041,2,0,A
524,2.7464026460723896,0.7517649935698749,0.0056525211307971055,10,0.672901039043443,1,4,E
525,2.5342274163953373,0.6997055289303059,0.5216236111512909,3,0.23622434822911859,2,4,E
526,2.5410820475918894,0.6737370721556637,0.07034327428282165,1,0.7165041119671025,2,4,E
527,1.7412082880748292,0.6060575160154191,0.029202723979972367,3,0.25501336238561423,2,4,E
528,4.432880173187569,0.44877073710643767,0.06218237451868242,16,0.8629692921936952,4,2,C
529,4.011570269771729,0.6652037848218254,0.12652369970406535,18,0.9396089323085125,8,2,C
530,3.7418510209916014,0.281443751544067,0.45059724869739226,11,0.24669466160059542,4,1,B
531,2.1828814472174227,0.7852012523640843,0.25032395037575256,11,0.33805839254359576,5,4,E
532,2.9738860352652767,0.7852735970862104,0.37148520848162586,7,0.4446884487007158,8,4,E
533,2.0687153853628075,0.5880794147037048,0.4251759075268215,4,0.27275318948636357,5,4,E
534,1.0718781075167017,0.5249821646669759,0.07155309002981554,9,0.14502761432546052,1,3,D
535,1.357580506091269,0.3594330402159032,0.2918689555516886,18,0.6465665922121434,7,2,C
536,3.551246998060394,0.578943819970398,0.5355122950112063,12,0.16358804392011816,2,0,A
537,3.2036400058261383,0.2689374712459709,0.5738589236059797,9,0.30421951671336417,5,1,B
538,2.9758505222217866,0.4346382184959505,0.4394171209621775,15,0.32967824974711446,4,0,A
539,3.3568142847464673,0.432276660508527,0.5345716646956992,18,0.11845503229135419,5,0,A
540,4.642376216860413,0.7428763493170818,0.2777181779381657,19,0.33415156096825177,2,0,A
541,1.191308831008032,0.7108965700185192,0.02008628533549799,1,0.3093470654318739,6,4,E
542,3.9036940995316147,0.28845140466313546,0.3813962033016735,7,0.8635984229164286,5,1,B
543,4.769080154813694,0.751764410273513,0.32068603396893397,11,0.6832129744598674,6,0,A
544,3.129702427995489,0.5814497882521622,0.1579036989505497,14,0.8240419563031397,8,2,C
545,2.472911493123627,0.45367827291913637,0.15749202280965008,17,0.5838303471041737,8,2,C
546,4.5810448968157615,0.4805925744003904,0.07183137347632736,1,0.3788382467242204,6,1,B
547,4.990485859396491,0.328467941864363,0.24540773340995903,7,0.11229496255729149,4,1,B
548,3.1699133039735203,0.7935950541116426,0.03809471211169957,12,0.9894332586465397,6,2,C
549,1.150688044101377,0.22234580560964665,0.5534781508682102,14,0.1669458812857473,5,3,D
550,3.5560109852980197,0.4684899935758508,0.5519858355081431,10,0.43965816305662786,8,1,B
551,2.093801966514648,0.31146625533891625,0.5410144656984018,17,0.2790697838854782,3,3,D
552,4.209283488756958,0.3192029578714555,0.408948657055015,1,0.3166435291252834,5,1,B
553,4.900444960174419,0.6659175211652193,0.32411009441038985,9,0.37657292997091873,7,1,B
554,4.688084239598816,0.38100153092560496,0.5654034577574536,5,0.680974788841624,5,1,B
555,2.083344774656991,0.3028194271348761,0.009346791620290062,10,0.4576892385493858,6,2,C
556,3.9818270261664663,0.7155810728686358,0.09806713386470522,7,0.21551380417076724,5,4,E
557,3.50435084362625,0.2539826992884656,0.5616352981722851,8,0.9857225970073608,7,1,B
558,3.2015551887111804,0.5749729353013842,0.2255608396555986,4,0.6797772892655372,6,4,E
559,4.493883652396156,0.41680491008967246,0.46232661068638087,5,0.1861479571556089,2,1,B
560,4.0263098830881185,0.733868308263349,0.3956694993508007,5,0.506296611778652,2,0,A
561,3.892542694662409,0.6232829147864961,0.19691374994896077,5,0.3132524126934244,5,4,E
562,4.772924526621173,0.6451597998036622,0.3169479494972608,7,0.8774070478121795,4,0,A
563,1.9784271278027084,0.7777370211859271,0.13924604833357956,8,0.4432104707920752,4,4,E
564,3.158642562869435,0.47737682389629216,0.14563334250175972,16,0.9684390566784017,3,0,A
565,1.0772967026800906,0.6709213883268738,0.2506194958615932,5,0.6466620056152353,7,4,E
566,1.1744448923039914,0.5797899402631372,0.5620881308128999,6,0.948907343370016,3,4,E
567,2.9728908441025457,0.3943303699039826,0.11344441152808472,9,0.856888947643493,3,3,D
568,2.429124709524006,0.6483696125704166,0.39550951687506924,6,0.5234457354314679,3,4,E
569,1.5071117762954067,0.24135797332042008,0.472404344152603,11,0.7693950367354543,3,3,D
570,1.365498951658962,0.6058278683547852,0.11358529447075595,3,0.5126114838764428,1,4,E
571,2.2547593810261173,0.3186115583051065,0.5923606868158342,8,0.932108471211533,4,3,D
572,4.565965724835911,0.4722789732466331,0.38341942372844867,15,0.8692268252112034,1,0,A
573,1.2187897643601642,0.5913481072232749,0.4709035231780795,18,0.1670110302237116,5,2,C
574,1.343242769577485,0.44857476008400154,0.23924996810647653,17,0.3171153192891286,1,3,D
575,4.094434158186874,0.3308752369178585,0.09852205814761435,12,0.9198492981989908,5,2,C
576,2.5207230938461787,0.39460911951709166,0.356528332616398,17,0.4670693102141782,3,3,D
577,1.5812321187967453,0.27495270774254565,0.2768357012115103,18,0.8874531522029061,2,3,D
578,2.605107742253428,0.6642099988672188,0.44904528673031907,10,0.3383275311282392,6,4,E
579,1.6965777804412512,0.7312484380703723,0.5467228947626114,15,0.9361054339680699,1,0,A
580,3.0758967045115537,0.34953455818624574,0.18734719666215388,11,0.4686033659939849,4,3,D
581,1.6775930913562824,0.37466401169324415,0.4893352650718535,11,0.2772138110061858,7,1,B
582,2.0673460712170613,0.35402916886985825,0.36035116974554277,11,0.6923836661709427,2,3,D
583,1.3964152078116676,0.5865860637060916,0.5166337064192668,18,0.3739399603103625,5,2,C
584,1.759813194124428,0.21703171035902968,0.0699173453713871,9,0.933246846475849,3,3,D
585,4.577682892523965,0.5521719165924441,0.13588547615019178,1,0.35873957209381446,5,1,B
586,3.293391183148618,0.794023365523052,0.2186825490506727,2,0.6897926384761811,2,4,E
587,2.069138974852613,0.6473494893933316,0.4226491396457441,14,0.49488412050715325,4,0,A
588,1.5838541187466517,0.785802007456788,0.08828701239168499,12,0.676361050986653,3,4,E
589,2.59845013678538,0.49454979171986885,0.3108959014557585,14,0.13656641487311671,3,3,D
590,2.1456080577547842,0.5498013458385669,0.42741631402562597,18,0.19447491837751485,8,2,C
591,1.216433159709494,0.4234978956319675,0.5647900707813885,17,0.5061455573628428,1,3,D
592,2.4104609164761963,0.7486922708715014,0.48442332231660373,10,0.4268516757802562,4,4,E
593,2.3292074518709414,0.7251331462731128,0.10543170889935939,17,0.12587625550360335,5,2,C
594,1.2133600732852092,0.7756372637698745,0.47178021149929866,12,0.47646478150927707,4,4,E
595,3.2630960119278463,0.6748888237752326,0.295633347940434,5,0.40909017424995087,2,4,E
596,3.2073014063560557,0.5757019312628441,0.3054613139259556,6,0.5131819405682477,1,4,E
597,3.4892400074030925,0.5175585403534617,0.10031712781445727,7,0.7905987115000064,2,3,D
598,3.4365263762154,0.6279696802367392,0.26921062089943004,9,0.18147871109811659,8,1,B
599,1.390458517555305,0.570579340981079,0.5423255340546294,10,0.8281352140633317,8,2,C
600,4.325179223487779,0.7929272912561742,0.10564642499669556,7,0.29283975028156395,8,4,E
601,3.5321027599106394,0.6208222684221192,0.17134568545593762,18,0.35017470448531907,5,2,C
602,3.3117421454041347,0.29753973805777933,0.17407383849977437,12,0.5173682779594074,1,3,D
603,1.9140842144105354,0.5251468309105148,0.5174273508775015,5,0.2411781979441454,4,4,E
604,2.1460884779044327,0.23969465322023192,0.4548526571769177,15,0.7861677279520525,1,3,D
605,1.740849675342535,0.22520627486596992,0.32970526981079323,5,0.24713390696145382,5,3,D
606,2.2141891021593656,0.2032325181465271,0.2642880748110568,10,0.6583086303520871,8,1,B
607,1.3179878062533108,0.28293553949358224,0.31096849221093587,3,0.8931393364082728,5,3,D
608,1.052164142583771,0.7929060074192784,0.348386787101159,9,0.8174821823795508,4,4,E
609,3.7222275184299023,0.24374001614493812,0.5079190930955508,17,0.5605873248532535,7,1,B
610,2.997113934434921,0.2147111716990194,0.31994343776977396,15,0.25375774099576526,4,3,D
611,1.8158084878696865,0.48029724694836595,0.07744166278001294,16,0.7834428936384014,8,2,C
612,4.801848380226879,0.2575855110906409,0.31783414104666524,3,0.9746405729563917,7,1,B
613,1.7308537857793933,0.4650118449750461,0.09609232242872187,8,0.8400518066500343,2,3,D
614,2.3124959422810574,0.342356400616103,0.47759916773643835,8,0.8267288160562445,4,3,D
615,4.43670914595231,0.6345007296132067,0.2983791118109978,11,0.6557531396193576,5,0,A
616,3.3687103226147608,0.6024410410775949,0.06817369831633953,12,0.5275584322225113,8,2,C
617,2.723874684169335,0.31702922519910076,0.5041360036087708,2,0.6380524804629658,3,3,D
618,1.1851557353535496,0.5767836313141524,0.12475943099817399,2,0.3878682300703665,4,4,E
619,3.261298682369286,0.6093290107391149,0.310785225496853,9,0.9754091453657266,7,2,C
620,1.205062053504986,0.5093774045347785,0.2417958006862901,10,0.3373258148396254,6,2,C
621,4.3877677282582255,0.7986660509269257,0.07604768234719388,10,0.855855020889084,3,0,A
622,2.861532955530248,0.42417977712751215,0.2687029489137427,9,0.9928679929918107,3,3,D
623,3.6798810227238268,0.43861799970943705,0.06896068414253322,16,0.8454845095969228,1,3,D
624,1.541778151224972,0.6691046857639071,0.1532345906414215,9,0.3214080418096125,6,4,E
625,1.92729901287783,0.5228256489537464,0.5052331233284707,10,0.9659449814594577,3,0,A
626,3.996389529246306,0.6402799550408467,0.2391360547037438,7,0.2484481110558721,7,1,B
627,1.5193984586947464,0.3704053311719169,0.14093358402209044,9,0.7560394300444747,1,3,D
628,1.5239435431821176,0.6027091326654688,0.42057722102323547,9,0.8617124442576325,3,4,E
629,1.0137557328772893,0.7431278008182531,0.5595562243581211,7,0.7332198717366724,2,4,E
630,1.634178300021536,0.2384939402010745,0.526725716331137,5,0.3226387939427091,7,1,B
631,1.472619100859379,0.5846236815877695,0.5491103219545336,4,0.6085221223375846,7,4,E
632,4.018238430305706,0.6847658599637095,0.07619295123266191,6,0.5736861801246664,2,4,E
633,2.8531272816188196,0.3021862741439648,0.20726575810648484,6,0.19421524391009115,8,1,B
634,1.7032411579900595,0.335463735426087,0.18410827334534044,15,0.4047106423203062,4,3,D
635,4.490529091529439,0.21155728101201865,0.021240536267605248,2,0.5919291051850223,8,1,B
636,1.7882776115130277,0.22476870836955268,0.3388885823869073,12,0.3379011355655252,7,3,D
637,1.0477783544287549,0.29193006743939437,0.04283719132024044,16,0.3911976507525672,2,3,D
638,1.0659947233923526,0.704784486333526,0.10904323047449561,10,0.9748250858434884,8,2,C
639,1.0177238207670287,0.6688283767057783,0.38343096604417104,10,0.9502431582656504,8,2,C
640,1.4734538895408926,0.43266348318905845,0.20204087466518714,19,0.3934550835615399,8,2,C
641,2.749325372717403,0.3521608834765647,0.3981163166217326,5,0.11528318530824916,4,1,B
642,3.7500691976232106,0.6294604816156594,0.07854283940076105,19,0.815425554901373,5,2,C
643,2.0080108467245186,0.46090887432136357,0.45359352222242016,14,0.8003690459086383,7,2,C
644,3.883988207983791,0.2333047382032603,0.5361027216526002,4,0.3793571501096338,1,3,D
645,1.5166878298416924,0.7397512030136113,0.48711333897481984,6,0.7054638756887422,5,4,E
646,1.7810993994727475,0.48356136814841094,0.3874640887805285,11,0.21926403058704025,8,2,C
647,3.7953532979982625,0.22964144896109107,0.31119544304783536,16,0.1347142795729478,4,3,D
648,2.5148652652815113,0.42901793448971304,0.47125764152856087,1,0.5885370388172476,3,3,D
649,1.5432129663933427,0.44787137932530174,0.3039261492159634,8,0.3537343049616595,5,3,D
650,3.196157658900192,0.4494777732420525,0.5151195677707757,8,0.21754923167470952,3,3,D
651,3.6445528980119843,0.6714120569498973,0.5541840610194073,9,0.45529519016278286,1,0,A
652,1.5920647029536181,0.46556809732740856,0.5351691264726142,6,0.5740118636381843,1,3,D
653,4.1007807382962955,0.5097440177297624,0.5415709921291371,17,0.8130027702080737,1,0,A
654,1.304762514085939,0.3178400409183529,0.583490341359859,4,0.4199821499520251,2,3,D
655,2.1087071549872443,0.6299147314706649,0.5085876615903249,7,0.3228916290692224,4,4,E
656,1.6543829129663723,0.3987910726413863,0.39859526822976826,5,0.4422016758137679,6,1,B
657,1.5015270520753394,0.6594959338246731,0.2741239412521599,4,0.9081523934491281,7,4,E
658,1.2100581522577882,0.609287936058428,0.2841390796077848,4,0.19816331847723,6,4,E
659,2.1776249202039657,0.6935592663941574,0.1611733672258737,19,0.2392177560526056,3,2,C
660,2.0179355763485423,0.6786950638607163,0.14441604557787538,15,0.5794622061926615,8,2,C
661,4.489826840540121,0.7865707770695618,0.5489814486402,13,0.7032144940284387,7,0,A
662,1.4840494273286708,0.27370332946070675,0.48846034675228256,18,0.2501764110690825,1,3,D
663,1.3238323530671527,0.288369397136672,0.16873183754341903,17,0.35671658411634166,6,2,C
664,2.912495048434511,0.7372774682575787,0.009818097337732578,11,0.6302774499493277,1,4,E
665,4.497583142578906,0.6287614703609232,0.24775416981668222,8,0.16211259841066478,3,4,E
666,3.5988961152978147,0.6256052262856935,0.20160030237445084,10,0.502949219803778,4,4,E
667,1.7319673695074367,0.5630094444820732,0.5511863826092397,7,0.31060851766772135,4,4,E
668,4.154484933039774,0.7730970536139599,0.2901198413365735,17,0.42167633332606314,4,0,A
669,4.557534352883085,0.43696111313479036,0.21228628101824,5,0.16325903036414885,6,1,B
670,2.9365571885957937,0.75873094555725,0.049824539958051674,10,0.9272229990392856,4,4,E
671,1.7491451395132165,0.2806162927849517,0.5481135480804367,11,0.15465789296444835,4,3,D
672,2.5194293865098962,0.5205720242876422,0.14273919700664525,13,0.6739894177120437,3,3,D
673,4.97173710662767,0.23425211009847913,0.4280688060900954,6,0.4559649686929397,1,1,B
674,1.167276046980906,0.4900392599499252,0.33783196833167844,2,0.542660270638447,7,4,E
675,1.5018878140800145,0.45209754575332245,0.1444174439140902,7,0.61523949434684,3,3,D
676,3.9049627040057766,0.7417989625292798,0.3432844554309385,19,0.5914235845264945,2,0,A
677,3.2997448486790413,0.3542943187725648,0.21574293767022715,16,0.2855643064269381,2,3,D
678,4.5565505750867175,0.4437029870873922,0.23394481551344207,9,0.5115085883309376,2,0,A
679,2.420358873835598,0.3001234039586586,0.01588110124559403,19,0.9099855628207949,5,2,C
680,3.556176186342666,0.7001359238171077,0.3971877137536926,6,0.741699408417498,2,0,A
681,4.552252602961553,0.6748588939768476,0.17303285921216335,16,0.957959132503406,7,2,C
682,3.5457305204819876,0.25091532424560226,0.10108326890902372,18,0.16921124025178047,5,2,C
683,1.638070881901601,0.21437605673972693,0.2869436009231704,7,0.3834012541237771,1,3,D
684,2.327579669576942,0.39777311728245907,0.5209976746265568,19,0.6953475310052323,5,0,A
685,4.9731856655007,0.313150981035434,0.457510041660176,7,0.18313416230221213,6,1,B
686,4.109664445367704,0.24887465331559255,0.5838809765576379,12,0.9252433727121102,6,1,B
687,3.653129562357408,0.4859098181277014,0.00043228384218039204,16,0.32162322294381007,7,2,C
688,4.4671892494095875,0.7365365822518748,0.018575495468124915,4,0.3278488414250788,2,4,E
689,3.040450560850396,0.7897367890161786,0.22569414403088042,2,0.7960356998218113,6,4,E
690,1.8691334384555849,0.7511280863071061,0.15354440716302772,19,0.9969443105890884,6,2,C
691,2.23822081283012,0.5268286746804736,0.11251741826275394,17,0.35712823776653857,3,2,C
692,3.343591997575563,0.39229886068395714,0.031848080058701544,14,0.10142691466168015,7,2,C
693,4.422131704011094,0.4628275701098259,0.20687737546891694,10,0.4056676170929312,4,1,B
694,2.605840422542982,0.7301339438653527,0.30686822615849824,19,0.9233419242830602,6,2,C
695,2.6435756615595927,0.6288527254044812,0.14654544729453076,12,0.382541663632351,7,2,C
696,4.848531977073044,0.3274308244644413,0.38518155821997996,9,0.8781836572363199,8,1,B
697,2.694072828751339,0.7418932009680899,0.5424399318780133,18,0.13230221505194834,1,0,A
698,2.5722618884000807,0.4012086699881423,0.15049390542836752,19,0.12703140502636348,7,2,C
699,3.8902802596864774,0.768210758700733,0.4964180401678482,8,0.21272451188660987,4,0,A
700,3.6885566021230147,0.33243110338314263,0.23076299011204585,12,0.626524578593545,8,1,B
701,3.2543531440557,0.2748914622922425,0.25016329881594,11,0.995451710582976,7,1,B
702,1.2957934523845949,0.4921782257568563,0.4623164359783424,6,0.4719127484554655,8,1,B
703,3.4210693552814377,0.7431886028612336,0.12783513851480477,3,0.8156133832056564,4,4,E
704,1.3921874529834266,0.6627437847157498,0.24732629902342118,12,0.337189340054755,5,4,E
705,2.4193161560332905,0.7813410176030189,0.36781040269581755,11,0.9059067714612551,2,0,A
706,2.877267347359275,0.47599332010467543,0.0666890714906591,13,0.2314208896751601,3,3,D
707,4.0798677413153825,0.7042339297190896,0.0265413243397572,16,0.9261000025288669,2,0,A
708,3.304777790873385,0.7990447412456079,0.29277801532744047,10,0.324759915180687,6,4,E
709,2.9870627036311683,0.24644688314267987,0.067158100799576,10,0.7346211394100959,8,2,C
710,4.793995850311285,0.7540906220991979,0.44165220986844617,19,0.9351471448070373,4,0,A
711,1.881091860662914,0.4116492321998824,0.3311698377765628,2,0.7840462277124532,1,3,D
712,4.856415289343808,0.4966851292483907,0.19729994626422775,17,0.45121789698197434,1,0,A
713,4.545963241289906,0.29857198364086873,0.21306512548144865,4,0.17041081301302036,8,1,B
714,2.2817473202627307,0.7764490184672521,0.20200120168135802,2,0.21075145985745763,7,4,E
715,4.86138928177748,0.37864622330648934,0.16643744180637352,15,0.15101688295499352,7,1,B
716,1.955534347540822,0.7296248367008276,0.09703829536903465,9,0.5964340084435626,3,4,E
717,1.2911969148570246,0.2187642302937098,0.01894364449869328,10,0.2885505814903985,3,3,D
718,1.9571460407437447,0.24616513228616727,0.34632701321678094,2,0.9188984081853467,1,3,D
719,2.1637805348467887,0.3212861520513522,0.45648392709013436,11,0.3927646067588373,3,3,D
720,3.790859780205175,0.589342772502059,0.5695059640702742,14,0.9370889933824634,4,0,A
721,3.210068674529934,0.3299887048402311,0.13887574845386746,5,0.9613125198719711,5,1,B
722,2.655891014746225,0.39720475329046245,0.25307564029322904,17,0.7857442194808164,8,2,C
723,1.9852951868893212,0.43357211908171756,0.28490425408511444,16,0.3491063020122599,1,3,D
724,1.4488573277613188,0.7337045372349029,0.32565144180181255,13,0.25552625635465565,3,4,E
725,1.0536075220027632,0.3186412446420196,0.5864830646097218,5,0.6010222212245866,6,3,D
726,4.974580323407798,0.7216892408441951,0.33259345382621963,18,0.4537495611079264,4,0,A
727,4.79711223845051,0.3258934509256406,0.22936743165138332,4,0.5326727167113915,6,1,B
728,2.849551825207822,0.6233357499751753,0.5301282137863629,11,0.44853607825138864,3,0,A
729,1.2225964931681639,0.6807010083730177,0.3187775363188476,19,0.4036277560801086,2,0,A
730,4.65859457771234,0.32763557665792814,0.11597449511145468,6,0.7046185047774027,2,3,D
731,4.942845685588378,0.48980009061829577,0.1496609811417499,2,0.6125149331244347,8,1,B
732,1.9063380503887255,0.6789962589925658,0.08664648822304881,2,0.10561144322020803,4,4,E
733,1.6115853599050007,0.7675505655748265,0.48748684821536636,14,0.2100707345453593,5,4,E
734,1.376954225338273,0.263079381209239,0.1800324343502596,17,0.33741900291280547,4,3,D
735,4.259647294923752,0.45505427450237146,0.5610507575820187,3,0.9302018583685759,1,0,A
736,3.1591714804961186,0.48391328266385775,0.037648185286458344,1,0.730616649466665,3,4,E
737,2.6453006589094077,0.39212110053030025,0.018419325051408284,17,0.8912552812568418,8,2,C
738,1.2252759886658855,0.5946721532275048,0.5401073980231595,5,0.6827929992614026,3,4,E
739,3.557880739693899,0.6240213888118125,0.1210554897559566,14,0.8382508537788754,4,2,C
740,3.242268522875983,0.544980170478337,0.27898604945115574,9,0.41031303575102196,7,1,B
741,4.3404789445638094,0.6097905078259743,0.005953665861294399,18,0.7880935547317274,4,2,C
742,3.6559405655144355,0.2243812131663639,0.04159176133169364,18,0.10287701454760889,5,2,C
743,2.3768258910190943,0.6671795569522688,0.5869875518471654,19,0.8900761113980172,3,0,A
744,1.6722549695713873,0.7972244657734351,0.013444433327887051,2,0.3307296568459518,6,4,E
745,3.317613271594422,0.20620215382044113,0.048669078227942954,14,0.26417049637247303,7,2,C
746,3.5080565338031717,0.25096847835349445,0.4147037776047137,5,0.666813802815149,3,3,D
747,3.4735762576342144,0.5484178237113188,0.4797015217065449,6,0.8213993411335431,4,0,A
748,1.2749475978065856,0.5259198161854173,0.5082212688052009,2,0.44783105304223814,5,4,E
749,4.244747773060514,0.5528773527441877,0.013327283598241335,3,0.7425611654821783,2,4,E
750,2.9172517634814974,0.45693742889739,0.20329068019521349,2,0.7767911479052075,1,3,D
751,4.713818927975453,0.6029476362310192,0.10913853721284596,1,0.7447892815997019,1,4,E
752,1.1984155701119112,0.680650947319043,0.3017034621725669,8,0.2698750682040341,3,4,E
753,2.918490671241108,0.3079330182505673,0.46853072165917736,1,0.39707465054216784,2,3,D
754,2.4771371978950216,0.24795016645711723,0.4780015188182748,7,0.8517881101748457,2,3,D
755,3.1374972968418176,0.2049737408885763,0.5218159722439669,10,0.24349623796935577,8,1,B
756,4.264804089204563,0.5906451374399327,0.5346048699989244,4,0.5137358468426155,4,1,B
757,3.523263570890588,0.6731841071746758,0.29944824616713706,14,0.1101126815278024,8,2,C
758,4.9650618029733184,0.6963233727809042,0.2950065407156683,17,0.7003928208636617,4,0,A
759,4.788147872679655,0.5922515587692107,0.46846937824544915,16,0.39045473588734947,3,0,A
760,2.7068010453098377,0.516650150621808,0.026829704906159078,5,0.4060797508847459,3,4,E
761,4.514296487791132,0.23535932860612674,0.3402927402132711,12,0.16313877907518243,7,1,B
762,2.4461166254654914,0.558061654925301,0.16845658213154643,5,0.5764253947891801,7,4,E
763,4.528119210186013,0.43351750750612217,0.16650736134679978,10,0.25737216906079946,6,1,B
764,1.0437967035940985,0.3236548995475965,0.21922143690134888,14,0.2656926032643895,1,3,D
765,4.806635631197393,0.7537210867404383,0.12953712766787817,6,0.5417919467525795,4,4,E
766,1.0911045476594636,0.2955873918883315,0.20240105941984293,3,0.77862936994804,1,3,D
767,4.781779696596901,0.3915826613285668,0.367495760339774,6,0.5213888914962711,7,1,B
768,4.557357945269381,0.6902436544126154,0.09819119297946492,15,0.43066099318150874,1,0,A
769,4.756722404537772,0.2972790101257803,0.1939319957725695,11,0.2049250091992611,5,1,B
770,2.6986493708513954,0.25877423960176155,0.42552446797954685,16,0.3258291492249563,1,3,D
771,4.183516030105979,0.28773145117314053,0.38934912824269907,15,0.6518838842450092,7,1,B
772,4.7399680806140445,0.6056938829818408,0.4529563898773464,5,0.4049529272080816,7,1,B
773,4.9222618898220185,0.5464410196737831,0.13646607816005082,16,0.7291724958844347,8,2,C
774,2.2685181788631343,0.6063521952655354,0.0034510191306584836,3,0.6525987554227825,1,4,E
775,2.416803056211852,0.3120995096631614,0.15750739701582164,3,0.9341211847482128,1,3,D
776,4.555725657790478,0.600442441485254,0.12333541981898874,17,0.9242701779768085,7,2,C
777,1.1468507410190845,0.6889088433688293,0.5242252873006502,9,0.311753625314681,4,4,E
778,1.051959433357807,0.5415788356518889,0.08987522211083306,17,0.49877507830875645,8,2,C
779,3.6576985987666197,0.3661881728983677,0.4560352520065052,15,0.3317855709900936,3,0,A
780,2.636621760249499,0.35532407003554467,0.24651161980973801,8,0.12947574759310349,4,3,D
781,2.6266811105828953,0.7572206639446994,0.5339755217999418,18,0.9125328628471033,1,0,A
782,1.38808661697206,0.5572746755502964,0.17219339255677538,11,0.10704310661959054,4,4,E
783,1.741625115479903,0.6156846198632546,0.5746246435503162,15,0.6067314363632432,2,0,A
784,2.886349100310762,0.21527079675326316,0.40490869336478086,1,0.20678551524515676,7,1,B
785,1.6397206244941702,0.6684124595262294,0.5918892483385114,6,0.33163812374193613,4,4,E
786,1.6281630126691882,0.5717044490094717,0.34678468957732017,17,0.5583495461469429,3,0,A
787,4.5565186794433306,0.42678616921621515,0.260746417275265,13,0.440779275700355,4,0,A
788,1.266111109312062,0.2888497463468658,0.0011976294811920861,10,0.5085000392831717,1,3,D
789,1.157489239196932,0.6794555854995539,0.37437236678461516,1,0.8903806614969623,5,4,E
790,3.6939050088874392,0.7345420041511981,0.4978951039731687,18,0.8554438954421449,7,0,A
791,1.8796955271029936,0.6603781319201157,0.5506037704651253,11,0.7483342098635588,1,0,A
792,4.238340689412622,0.27755726004541614,0.5609566757791691,19,0.3290499686800622,5,0,A
793,1.528914835809486,0.6640354238649363,0.23674995566545087,10,0.6881760948864497,2,4,E
794,4.362478811755976,0.3526510456761534,0.05470337944411605,5,0.4332479438243737,8,1,B
795,3.091306766925799,0.6853625721526786,0.4144212740679707,14,0.7746406953912608,1,0,A
796,4.492235901614555,0.7765934763650733,0.19598296399458937,11,0.8005650833416863,5,0,A
797,4.767448536390236,0.7555616841156962,0.44334211590021727,17,0.5024173048080842,7,0,A
798,1.9624957016085482,0.20648273389345764,0.23070942252008447,10,0.2543680073855686,5,3,D
799,2.0748781660755764,0.6438190443740006,0.5506294552923339,9,0.8547079316267633,5,0,A
800,2.4180258025233003,0.6137510652998878,0.1472378469827313,16,0.9664782266978079,5,2,C
801,2.9690761230095695,0.22883634473174017,0.469988117618473,7,0.6324205947102277,8,1,B
802,4.077031899494267,0.6463967686306396,0.11309287541327522,12,0.35495357233973446,4,4,E
803,3.5134906931592607,0.4225723169721377,0.28396989846121723,4,0.32125204430423293,6,1,B
804,1.0324104520631945,0.7700100800286949,0.45942190557013823,14,0.7562997675039349,1,0,A
805,1.1541085949606824,0.29683103662330773,0.5350003548453117,17,0.1624772864356806,2,3,D
806,4.897784870596598,0.7532330477667022,0.5556981290971912,9,0.19935454475605768,5,0,A
807,3.4893955866607143,0.3884857720593105,0.18658733271888645,19,0.42728717977756614,5,2,C
808,4.690089102168409,0.33757973794924334,0.3219116100287043,15,0.8493588416171527,5,0,A
809,2.4369831759648424,0.50595359323344,0.2038622563852238,2,0.9229992153418074,2,4,E
810,4.333894486548018,0.7736536974595907,0.5475176132867897,7,0.2981743305840143,1,0,A
811,4.722764987808635,0.5748625761892161,0.25958314821044776,6,0.1448014660566954,6,1,B
812,4.215825536302232,0.758588703529252,0.38088069341674763,18,0.43983561947497096,2,0,A
813,4.971137476815178,0.30189836332560943,0.27462600559046346,6,0.5465637187018467,2,1,B
814,2.3778706066323476,0.6387215770782817,0.17877104043686182,1,0.10368007950444996,2,4,E
815,1.2013681064411341,0.6466268531754242,0.222150124938977,5,0.20452655292082716,7,4,E
816,1.9701993150482013,0.5692932660041987,0.1296792161296341,9,0.781403074581804,6,2,C
817,1.777578596397254,0.6311742392249167,0.5694039152004139,14,0.4863670890459303,1,0,A
818,1.3005205367995734,0.7683306196089346,0.27870925547687136,19,0.6241539787093382,2,0,A
819,1.5322154449852774,0.5350226893954524,0.1182085198931313,1,0.3714020768629479,5,4,E
820,1.390998792982756,0.23101382708641885,0.5254606102308554,8,0.688552992512557,7,1,B
821,1.1968595704811862,0.5159742750680862,0.5822711033539888,17,0.4899278771749157,6,2,C
822,1.498338797079199,0.20489265722674677,0.416284823935687,2,0.5454500133054453,4,3,D
823,3.4064055537178595,0.618208333103779,0.5519063301817708,19,0.7932981493899101,7,0,A
824,2.2829849785687104,0.3167925873345087,0.2656019939740694,1,0.25393733995611323,1,3,D
825,3.6994354307506607,0.25223122627124606,0.12831784848041441,2,0.15526115864926285,8,1,B
826,3.049465766930767,0.7780253153395109,0.44679481611216976,15,0.3196084727141777,7,2,C
827,3.8323827913850916,0.5843441725957959,0.47991942829003964,3,0.6472262970463092,8,1,B
828,4.501305914098111,0.7855115693591095,0.5108377972156896,15,0.3684047343021173,6,0,A
829,4.026996759093576,0.25977317070423744,0.3108687514320641,2,0.16417780223844075,7,1,B
830,1.9664277860982526,0.23358804360787133,0.051330895302467434,4,0.819615047835045,2,3,D
831,3.1463877102149715,0.30565753768097736,0.45518928384742635,4,0.963856161447547,4,1,B
832,1.714568494380531,0.6307191191205672,0.5642549014945094,18,0.6078170742294926,5,0,A
833,3.3246051751934522,0.506965956412361,0.08376742474669815,15,0.27924049886317576,1,3,D
834,3.2171646351775394,0.7432044493244281,0.09924750019640839,9,0.6634748126332081,2,4,E
835,4.127176187967741,0.7045168988593198,0.5436319316005718,11,0.2617465991358936,1,0,A
836,1.2109358447490095,0.6980845319334201,0.2816776589822992,9,0.9348846628205882,5,4,E
837,4.044029814537067,0.621832940715636,0.508521647995653,10,0.9919349811420317,5,0,A
838,1.8611629758857644,0.44849249032266525,0.030003234350384742,14,0.6877648726821498,8,2,C
839,3.4062961579039586,0.3021065546165721,0.3109075154668447,14,0.29088103707439716,2,3,D
840,3.024922237378459,0.3406916981462763,0.24990951282014284,2,0.7767029921336399,3,3,D
841,4.99981826376667,0.6584879025530892,0.5176866670079024,1,0.5034610368643135,5,1,B
842,4.973050097279954,0.6420679818817387,0.4808890157472791,4,0.20836722247846207,7,1,B
843,1.2220648596330674,0.36676716839130086,0.42453721056435206,3,0.8117885294503575,4,3,D
844,2.0425895869864465,0.28241741245875873,0.49682117659657,17,0.8541922453363258,1,3,D
845,1.6379489458694487,0.3476869573099708,0.5122158093573479,6,0.7173294076691493,7,1,B
846,4.447694291083851,0.43808903699549234,0.4402819435094852,11,0.8506665731855142,4,0,A
847,2.2191001129732704,0.6437486403622966,0.4942414581781551,4,0.9651609457447421,8,1,B
848,4.313555155884069,0.40349545018598687,0.5914475371184116,6,0.5715548383720693,4,1,B
849,2.982810647318339,0.35676900936850026,0.12985419784717375,5,0.9399009119851598,7,1,B
850,4.048419371091095,0.3097438170816229,0.22453892887724056,18,0.44025932388062017,3,3,D
851,4.026002140902543,0.4112551709172327,0.4411344602810388,19,0.8903665848743685,1,0,A
852,1.034830675808517,0.4658332325875683,0.5427398914332284,1,0.45378520560552804,8,1,B
853,1.5049748415891582,0.2311255398981021,0.5806570555680997,11,0.5842797625620617,1,3,D
854,2.637696327684471,0.27575591971263713,0.2749060108864847,8,0.6564314335879152,2,3,D
855,4.546623919894934,0.6776206121119053,0.005468964864177938,2,0.1909561763807054,8,1,B
856,1.2096042843475021,0.6827181895058547,0.44335351370100107,4,0.11228502237403318,3,4,E
857,3.6447059422892027,0.6765895657294929,0.33676737477762797,6,0.4329900506714238,4,4,E
858,2.0604918022861853,0.35458082163126137,0.47175121936765696,17,0.4925763484173381,2,3,D
859,2.9957481325804247,0.38742020682157685,0.5141147536278847,16,0.43446345894391525,2,0,A
860,2.9455379050022437,0.6866017782412526,0.22840183251672452,13,0.1804527821659785,6,2,C
861,1.8404804910634196,0.2936659204770587,0.16720678402218211,2,0.16027993355348236,1,3,D
862,3.0279056663004456,0.4362712243337934,0.024066889077085873,7,0.42194628798802336,2,3,D
863,1.916437286917429,0.3937603989225873,0.2450320846539226,16,0.9014514854442953,3,3,D
864,3.7949868869296077,0.582324840779954,0.5814122765675945,19,0.7495778844683791,5,0,A
865,2.5121196463593582,0.3663531345415474,0.057297212073257685,14,0.5042233850589273,1,3,D
866,1.9463980180283644,0.5516259855442968,0.4270259754726705,18,0.5269503826735118,6,2,C
867,1.9089719904970663,0.28937142895661405,0.26981318360428835,10,0.6890990636614754,3,3,D
868,4.391488635244209,0.21711087790048003,0.5895687448935574,14,0.9051275630463753,3,0,A
869,2.229884995805269,0.20790195728543293,0.26976682407052877,14,0.6637380530489102,3,3,D
870,1.1639929317751374,0.6547234742149365,0.2651691384390858,15,0.7830596775493465,6,2,C
871,1.4695833273183374,0.2790122691167928,0.4795510752346216,9,0.42997748866916174,2,3,D
872,4.153123755901128,0.5835941161765408,0.1956896548817856,1,0.9030143962023299,7,1,B
873,4.403404331501012,0.7414910939240513,0.22917645390737046,14,0.13298915023424715,1,0,A
874,3.699912423648666,0.32184934645725555,0.3560932837936975,1,0.7506749919479244,3,1,B
875,2.80356564875718,0.6020413670130483,0.3996772951096482,8,0.2544600484234095,2,4,E
876,2.3526457683541335,0.2542834172254594,0.37747127105335926,17,0.9151204134677505,3,3,D
877,2.758125483763021,0.4725176607365539,0.5586018465977243,18,0.5773642096975661,1,0,A
878,4.186604730382415,0.4901023710093379,0.10511271587773371,12,0.9119904592556831,7,2,C
879,3.5043190084890634,0.7474692188642429,0.4391894408473364,5,0.5521747292226391,8,1,B
880,1.243548835598204,0.26767068911835035,0.299379996601134,11,0.31840164790807163,3,3,D
881,4.405356165615018,0.49614080129685295,0.5467835213973188,8,0.6416778708468484,1,0,A
882,2.309591565828678,0.276480681415031,0.02726101607517126,19,0.466628499426201,1,3,D
883,4.009975606932751,0.5355844680113839,0.4505923098526871,14,0.8944580932073646,5,0,A
884,1.7630371472703161,0.2532435249524402,0.40233267003971845,4,0.815655013453674,6,1,B
885,2.097188933979776,0.3957111165334979,0.21252027101785267,15,0.7186307506198308,8,2,C
886,1.8567869770067702,0.43976255869565983,0.2493403104222907,6,0.5222593969642028,3,3,D
887,2.6336119883111113,0.6830320290141513,0.45228219749495224,2,0.25928677913955184,3,4,E
888,2.8543690224188305,0.28181635959091567,0.35290900377927,2,0.9103645831594696,7,1,B
889,2.8134177366578053,0.7885449502202813,0.1260320647271433,12,0.5094792063637563,5,4,E
890,4.217546326273834,0.418117401360391,0.013389275805010347,12,0.4123734679693719,4,2,C
891,2.358075785509684,0.41630723875584036,0.13359218503890002,1,0.2471487464384644,4,4,E
892,3.6821279701439638,0.6555586509656062,0.41148696366859006,15,0.574348455843664,2,0,A
893,4.31931006567458,0.3007811142736793,0.5908699421526417,6,0.344746566360836,4,1,B
894,2.0898212884947713,0.7878291291351811,0.10468973398784136,17,0.47621015734483774,5,2,C
895,3.8276878178620373,0.45797817218211523,0.3780568542705095,4,0.8371957669148447,1,0,A
896,4.43924239278965,0.21608204352525218,0.16078425480294017,9,0.817030577618926,4,1,B
897,4.74876449599731,0.4196874932699663,0.41517978594276056,14,0.9639224194198065,3,0,A
898,3.6432479970738085,0.5646375598145584,0.3408276152839889,8,0.4267878365358312,6,1,B
899,1.2764742779649736,0.5972556285878329,0.4682894702671545,1,0.21023883137227062,1,4,E
900,1.4204179063611515,0.6456790522753946,0.3938422184809828,12,0.7834233348883243,7,2,C
901,3.561036628855665,0.2407320320151904,0.5787488583474959,11,0.9781434692489918,8,1,B
902,3.3233429344826955,0.21051231625059724,0.20977164287086728,12,0.6026542508803409,6,1,B
903,2.678647156075033,0.37076477878821956,0.5918292641108975,3,0.5746567155194059,6,1,B
904,3.813056634183162,0.35068611403858607,0.2202358620874915,19,0.35407784172540935,5,2,C
905,1.006225117769243,0.3330290442293766,0.36086594690794,14,0.5225714555959519,7,2,C
906,1.0484246210125563,0.442818742558539,0.4786906897264192,11,0.8400003229705427,4,3,D
907,2.6950166779024216,0.5282177202327865,0.4927082540081817,11,0.14445110407557082,2,0,A
908,1.8237316591180255,0.7961245609510723,0.43881774753543185,19,0.21174157469371305,8,2,C
909,3.351637673402388,0.7050457961430345,0.2806727367013614,12,0.23755532823526054,2,0,A
910,4.697974911396956,0.3354848270406763,0.008514833035124169,9,0.5145933227885613,3,3,D
911,1.7894086374713418,0.267583846049768,0.2400535886504057,7,0.38956105072033476,8,1,B
912,3.6216458824327846,0.6547403992370889,0.537089786990872,8,0.7067155982024231,1,0,A
913,4.118985689815081,0.36345394437148026,0.2508926653940274,16,0.8141230510162765,5,2,C
914,2.831965877990919,0.7550331891183002,0.5737646113066606,10,0.9642294545258477,2,0,A
915,4.499932026487606,0.2036731948631156,0.4011272737606092,1,0.4552804809868686,1,1,B
916,3.8905825833106467,0.5714380968234317,0.4217062761641182,19,0.22698000225860396,6,0,A
917,4.852711197032116,0.7630925449841208,0.5474894999528439,7,0.8317664263111635,5,0,A
918,2.164329703739975,0.6287934436547511,0.0052298397339697765,4,0.2716176806866303,3,4,E
919,3.4949715379420407,0.7489533751509316,0.3707906722639479,5,0.5928963753449045,3,4,E
920,2.4800558192009965,0.3553934177379562,0.11699888425501309,8,0.8194914129942665,8,2,C
921,2.5505496013121465,0.22922975513025165,0.028525065779503866,7,0.9327090601090068,3,3,D
922,1.1304625439898377,0.3373074292894913,0.12546963846670525,18,0.5551795153364577,6,2,C
923,2.903301359588779,0.34981816681280586,0.4379547237529157,18,0.9646465691957722,6,2,C
924,4.7364729816233755,0.2799240494251048,0.5351099542413741,4,0.22595891349713917,6,1,B
925,1.5968606375199386,0.3015304950322541,0.2342305332295872,10,0.7237729104007106,8,2,C
926,3.879605031291365,0.32152479516105115,0.5685174394496233,13,0.8485599170654654,4,0,A
927,2.976101157161191,0.279595475366127,0.4598139867324463,1,0.5955610736479504,4,1,B
928,4.172127461157017,0.24627572744428622,0.3187823527962326,15,0.6110079648761702,6,1,B
929,4.05412382264599,0.3426482775692738,0.1966636131761494,16,0.6557657608396147,5,2,C
930,4.489946299584808,0.5806554501385354,0.42290563664894776,13,0.6524874773381246,8,1,B
931,1.0736460724611332,0.5173804599498342,0.5567162726032973,2,0.9896289935987432,4,4,E
932,1.445171875532222,0.5120937708443883,0.025654368038772322,16,0.9307733763582781,4,2,C
933,3.2303576266750924,0.5446525312476179,0.3898664947667175,8,0.8751290612577977,5,0,A
934,1.4530933486320081,0.3825967467302849,0.2704158208843071,14,0.44617440897445027,6,2,C
935,1.9926001588518423,0.3281292102829234,0.15966695652362495,18,0.6849130330858241,6,2,C
936,4.802358661028228,0.47037594729141075,0.524749285282966,1,0.6572691638030157,3,1,B
937,1.589175072798421,0.5844978540305141,0.3606703960015887,14,0.2687938388027393,6,2,C
938,4.829271867373253,0.7647844523298803,0.41760821373443563,16,0.9244547334806817,4,0,A
939,1.6946012000829214,0.7263297222117757,0.019803556022858326,6,0.7216149374556269,2,4,E
940,3.589226699991732,0.7779930656824114,0.28840641255931687,2,0.9984617470695746,6,4,E
941,2.738565713457633,0.2334098951814106,0.25831118447791407,9,0.2239860603915193,2,3,D
942,4.532032388445847,0.32516783243572456,0.39375500429552507,12,0.7436189079999491,5,1,B
943,4.129590340553124,0.524763300600177,0.5335959947807956,1,0.2158153238896635,4,1,B
944,1.68167218310216,0.2351348612027786,0.22250080612162046,7,0.21162735626592924,6,3,D
945,4.104479642915196,0.47052435144866456,0.3253072742064791,11,0.3827987016376694,3,0,A
946,2.2234477236609402,0.3800717406099907,0.5957252735863262,19,0.5670493333777432,3,0,A
947,1.3863683165245448,0.4434526302613871,0.13109846149913298,8,0.9601171858592241,1,3,D
948,1.5647455183856738,0.6642387073283524,0.11720717343960413,13,0.6095169748139887,2,4,E
949,2.0912403760960614,0.36813189423052395,0.33121781697212843,7,0.9541584550535526,7,1,B
950,1.582136778232344,0.6452434606674715,0.1627653372725472,4,0.21261620082926896,5,4,E
951,1.4008825319373384,0.6312328762991204,0.11523365354154919,10,0.9768372170048413,1,4,E
952,1.233070487262876,0.24873856324574334,0.5188306577050933,19,0.9066097402065953,4,3,D
953,4.090096402189373,0.3440964267416288,0.18452477626925748,16,0.9309646760970505,5,2,C
954,1.089705032565587,0.22119286224572884,0.2146581205999642,4,0.9911762674320365,8,1,B
955,4.41289492167272,0.6582240479544004,0.20276749451264572,9,0.3764718237881678,6,1,B
956,4.158586977376902,0.6944650468139839,0.40509354314183016,12,0.8845066772044653,3,0,A
957,1.131081776367446,0.7410444759773265,0.5394359493188843,3,0.3951348911423421,2,4,E
958,2.106562191053764,0.31072811732880956,0.1272497094450384,13,0.27582338260126904,4,3,D
959,3.3552402653929656,0.21671452399357172,0.04244924486917898,7,0.6327069217081089,3,3,D
960,3.6378612690958056,0.6035709926537316,0.5180295105088224,14,0.5317607660409998,3,0,A
961,1.3605336832541823,0.7518361926599351,0.3598486610771738,12,0.38826478572970025,4,4,E
962,2.0282871737002486,0.28945963284574017,0.4369712631011045,15,0.7446542477209147,8,2,C
963,3.9078296604536265,0.39235173032099846,0.12430252181931127,4,0.42040611007264295,3,1,B
964,4.221661832549067,0.6419635477649844,0.2501915553862499,15,0.23800598028661762,1,0,A
965,1.461978583498332,0.28253097371048275,0.1963774445049545,15,0.9929897885298646,7,2,C
966,1.1770728980093548,0.6487556265948327,0.26670143868127255,9,0.752878109173061,3,4,E
967,2.4646258239587646,0.7300663408839616,0.1488460956703231,1,0.3067069595072975,5,4,E
968,4.504761798135176,0.2884949893660185,0.276184633173553,13,0.36908087550116375,3,3,D
969,2.9279593747396624,0.4904727849360613,0.49527577803488715,16,0.6844553734077776,1,0,A
970,3.510897161961922,0.7814405842882324,0.31573417341785637,11,0.8728736012609306,3,0,A
971,4.682671708626634,0.6406081171400159,0.25415454436171575,18,0.5017414888441145,8,2,C
972,2.9151784496864157,0.4040525456032278,0.4975849251409438,6,0.6700204769466883,7,1,B
973,2.470105784268769,0.44024551081356067,0.4316617261675005,4,0.9160737172210341,8,1,B
974,1.2216124765319822,0.2205468726702188,0.13451783717192659,19,0.4024477913131911,8,2,C
975,3.4597254876741084,0.33368741012702235,0.4350792119733853,8,0.47468883334580725,7,1,B
976,1.6031170803495778,0.3604829496997822,0.5273970864881476,17,0.20215916983347287,4,3,D
977,4.2396139827293755,0.25114751603445434,0.41533098532890583,4,0.8603796064429149,4,1,B
978,3.4466740460629075,0.3580530479071753,0.05311053975353741,10,0.41676692521827063,5,2,C
979,2.332652625642231,0.61403290698821,0.31212054163937614,16,0.8341648899399366,1,0,A
980,2.41956474717055,0.2582997686125394,0.12781735451484683,16,0.9845184113733894,8,2,C
981,2.2779500223451272,0.7652862048486349,0.24712133490529758,4,0.30638953383368206,2,4,E
982,1.3138919056569622,0.3081581555152904,0.15718744128125378,17,0.8785616375703419,6,2,C
983,1.8890255172215058,0.7785342061083753,0.5582719025646438,19,0.24411647124711913,7,2,C
984,3.8603047319613464,0.6581172599944786,0.42245792438673124,10,0.6529802831295705,6,0,A
985,1.6745252156930528,0.6824895962477431,0.1364683654295178,15,0.20717167227198605,4,4,E
986,3.8060498359744948,0.3243458606801767,0.2885244958687906,12,0.2671742227576609,7,1,B
987,1.3818052810664798,0.5011748174219255,0.10269441887615713,18,0.7281871117968871,7,2,C
988,3.1896931294562516,0.25035517322557566,0.17716679531139332,8,0.9761241942974686,6,1,B
989,3.733152791980525,0.3387736701972225,0.19410983588408973,8,0.8907276364219271,2,3,D
990,3.628879660535177,0.7235032908408441,0.017536207570202467,1,0.6065090603029354,2,4,E
991,4.431002857670352,0.4144930884690118,0.1644959097358986,16,0.7404479829460235,1,0,A
992,4.793250382105012,0.2714808305010595,0.09600961124162892,14,0.16193283675434916,3,3,D
993,4.826988780896222,0.2567668610859631,0.5197977071946245,19,0.5414775731821561,7,1,B
994,1.8466392825490203,0.4550631018644685,0.31036329832959725,7,0.8184030657312217,3,3,D
995,1.2186955183098713,0.7567425203930456,0.4052166626935538,10,0.26875379547914247,2,4,E
996,4.4264278175803895,0.2272567809428178,0.1585982485503606,7,0.48680531344185196,4,1,B
997,4.032503629517306,0.5179068868431749,0.03078957432817415,16,0.8666516616056282,6,2,C
998,4.184697593220614,0.4243182722630885,0.35388326626421107,17,0.5930981869199582,2,0,A
999,3.7642537729778893,0.6041478712370464,0.47731772069443673,11,0.8871771398222185,1,0,A
